epochNum,blockNum,annotatorID,annotatorEventIndex,startPercent,durationPercent,startSecs,durationSecs,scoreConfidence
17,3,Lauren,13,0.869107847976308,0.040473840078973346,21.7276961994077,1.0118460019743336,high
17,3,Lauren,14,0.43179294175715693,0.029615004935834157,10.794823543928924,0.7403751233958539,high
17,3,Lauren,15,0.06357971372161896,0.040473840078973346,1.5894928430404738,1.0118460019743336,med
16,3,Lauren,10,0.18302690029615004,0.03751233958538993,4.575672507403751,0.9378084896347483,high
16,3,Lauren,11,0.38737043435340573,0.050345508390918066,9.684260858835144,1.2586377097729518,high
16,3,Lauren,12,0.9520298617966436,0.03257650542941757,23.80074654491609,0.8144126357354392,high
19,3,Lauren,20,0.35084526159921026,0.049358341559723594,8.771131539980257,1.2339585389930898,high
19,3,Lauren,21,0.5620989634748272,0.039486673247778874,14.052474086870681,0.9871668311944718,high
19,3,Lauren,22,0.32024308983218164,0.024679170779861797,8.00607724580454,0.6169792694965449,high
18,3,Lauren,16,0.11195088845014807,0.049358341559723594,2.7987722112537017,1.2339585389930898,high
18,3,Lauren,17,0.4722667818361303,0.045409674234945706,11.806669545903258,1.1352418558736426,high
18,3,Lauren,18,0.31530725567620926,0.04343534057255676,7.882681391905232,1.085883514313919,
18,3,Lauren,19,0.6233033070088845,0.024679170779861797,15.582582675222111,0.6169792694965449,high
12,5,Lauren,0,0.1593348963474827,0.02171767028627838,3.983372408687068,0.5429417571569595,med
12,5,Lauren,1,0.8770051826258638,0.02665350444225074,21.925129565646596,0.6663376110562685,med
14,5,Lauren,3,0.8631848469891412,0.02665350444225074,21.57962117472853,0.6663376110562685,high
14,5,Lauren,4,0.6785846495557749,0.02566633761105627,16.964616238894372,0.6416584402764067,high
14,5,Lauren,5,0.27779491609081935,0.024679170779861797,6.944872902270484,0.6169792694965449,high
14,5,Lauren,6,0.8444286771964462,0.018756169792694965,21.110716929911156,0.46890424481737414,high
13,5,Lauren,2,0.6233033070088845,0.014807502467917079,15.582582675222111,0.37018756169792694,med
15,5,Lauren,7,0.21066757156959526,0.02665350444225074,5.266689289239881,0.6663376110562685,med
15,5,Lauren,8,0.9678245310957552,0.013820335636722606,24.19561327739388,0.3455083909180652,med
15,5,Lauren,9,0.24324407699901282,0.02566633761105627,6.081101924975321,0.6416584402764067,high
7,11,simon,170,0.11106623586429726,0.033925686591276254,2.7766558966074313,0.8481421647819063,med
7,11,simon,171,0.3695476575121163,0.025848142164781908,9.238691437802908,0.6462035541195477,med
7,11,simon,172,0.6102584814216478,0.025848142164781908,15.256462035541196,0.6462035541195477,
7,11,simon,173,0.9454765751211631,0.051696284329563816,23.63691437802908,1.2924071082390953,high
6,11,simon,168,0.09894991922455573,0.0444264943457189,2.473747980613893,1.1106623586429725,high
6,11,simon,169,0.484248788368336,0.03877221324717286,12.1062197092084,0.9693053311793215,med
9,11,simon,180,0.13692783731636204,0.062197092084006464,3.423195932909051,1.5549273021001615,med
9,11,simon,181,0.31705707802718597,0.04038772213247173,7.926426950679649,1.0096930533117932,high
9,11,simon,182,0.4858777565409178,0.030694668820678513,12.146943913522945,0.7673667205169629,high
9,11,simon,183,0.5303042508866367,0.025040387722132473,13.257606272165917,0.6260096930533118,med
9,11,simon,184,0.7047792104989146,0.03796445880452343,17.619480262472862,0.9491114701130856,low
8,11,simon,174,0.027880987558688407,0.06865912762520193,0.6970246889672101,1.7164781906300484,low
8,11,simon,175,0.21366450936805836,0.09289176090468497,5.341612734201459,2.322294022617124,low
8,11,simon,176,0.6845853494326787,0.03150242326332795,17.114633735816966,0.7875605815831987,low
8,11,simon,177,0.8517905190611117,0.06058158319870759,21.294762976527792,1.5145395799676897,low
8,11,simon,178,0.5448438308543265,0.036348949919224556,13.621095771358164,0.908723747980614,low
8,11,simon,179,0.3630990812582038,0.03796445880452343,9.077477031455095,0.9491114701130856,low
10,11,simon,185,0.08684706187209713,0.04765751211631664,2.171176546802428,1.191437802907916,med
10,11,simon,186,0.5004173365086076,0.0420032310177706,12.51043341271519,1.050080775444265,high
10,11,simon,187,0.909948838931871,0.0444264943457189,22.748720973296773,1.1106623586429725,low
12,10,simon,94,0.8889337641357028,0.022617124394184167,22.22334410339257,0.5654281098546041,low
11,10,simon,93,0.4866720516962843,0.017770597738287562,12.166801292407108,0.44426494345718903,low
15,10,simon,96,0.14903069466882068,0.030694668820678513,3.7257673667205173,0.7673667205169629,low
15,10,simon,97,0.7572697899838449,0.036348949919224556,18.93174474959612,0.908723747980614,
2,1,simon,16,0.577140549273021,0.02827140549273021,14.428513731825527,0.7067851373182552,high
2,1,simon,17,0.779886914378029,0.020193861066235864,19.497172859450725,0.5048465266558966,
1,1,simon,12,0.17003231017770598,0.05654281098546042,4.25080775444265,1.4135702746365104,low
1,1,simon,13,0.3388529886914378,0.0444264943457189,8.471324717285945,1.1106623586429725,
1,1,simon,14,0.39781906300484654,0.024232633279483037,9.945476575121164,0.6058158319870759,
1,1,simon,15,0.7855411954765751,0.07673667205169628,19.638529886914377,1.918416801292407,
4,1,simon,22,0.024636510500807753,0.01938610662358643,0.6159127625201938,0.48465266558966075,
4,1,simon,23,0.1773021001615509,0.04281098546042003,4.432552504038773,1.0702746365105007,med
4,1,simon,24,0.5876413570274637,0.036348949919224556,14.691033925686591,0.908723747980614,med
4,1,simon,25,0.6441841680129241,0.02988691437802908,16.104604200323102,0.747172859450727,med
4,1,simon,26,0.7669628432956382,0.025848142164781908,19.174071082390956,0.6462035541195477,med
3,1,simon,18,0.7193053311793215,0.03796445880452343,17.982633279483036,0.9491114701130856,
3,1,simon,19,0.8154281098546042,0.036348949919224556,20.385702746365105,0.908723747980614,med
3,1,simon,20,0.8638933764135702,0.018578352180936994,21.597334410339254,0.46445880452342486,low
3,1,simon,21,0.9002423263327949,0.024232633279483037,22.50605815831987,0.6058158319870759,med
5,1,simon,27,0.4301292407108239,0.033925686591276254,10.753231017770599,0.8481421647819063,low
5,1,simon,28,0.614297253634895,0.03150242326332795,15.357431340872374,0.7875605815831987,high
5,1,simon,29,0.8945880452342488,0.07108239095315025,22.364701130856222,1.7770597738287561,med
7,0,simon,60,0.04240710823909531,0.024232633279483037,1.0601777059773827,0.6058158319870759,
7,0,simon,61,0.0795638126009693,0.025848142164781908,1.9890953150242325,0.6462035541195477,med
7,0,simon,62,0.922859450726979,0.036348949919224556,23.071486268174475,0.908723747980614,high
6,0,simon,58,0.15953150242326333,0.05815831987075929,3.9882875605815835,1.4539579967689822,high
6,0,simon,59,0.32512116316639744,0.048465266558966075,8.128029079159935,1.2116316639741518,
9,0,simon,66,0.15549273021001617,0.0791599353796446,3.887318255250404,1.9789983844911148,
9,0,simon,68,0.38812600969305333,0.048465266558966075,9.703150242326334,1.2116316639741518,
8,0,simon,63,0.0044426494345718905,0.03796445880452343,0.11106623586429726,0.9491114701130856,high
8,0,simon,64,0.2403069466882068,0.05250403877221325,6.00767366720517,1.312600969305331,med
8,0,simon,65,0.8138126009693053,0.07108239095315025,20.345315024232633,1.7770597738287561,high
10,0,simon,70,0.08521809369951534,0.062197092084006464,2.1304523424878834,1.5549273021001615,high
10,0,simon,71,0.3008885298869144,0.050080775444264945,7.52221324717286,1.2520193861066236,
10,0,simon,72,0.682956381260097,0.03150242326332795,17.073909531502423,0.7875605815831987,low
17,3,simon,101,0.06906300484652665,0.0444264943457189,1.7265751211631664,1.1106623586429725,med
17,3,simon,102,0.4349757673667205,0.033925686591276254,10.874394184168013,0.8481421647819063,med
17,3,simon,103,0.8638933764135702,0.05492730210016155,21.597334410339254,1.3731825525040386,high
16,3,simon,98,0.17568659127625202,0.06462035541195477,4.392164781906301,1.615508885298869,med
16,3,simon,99,0.3897415185783522,0.04281098546042003,9.743537964458806,1.0702746365105007,med
16,3,simon,100,0.9535541195476576,0.035541195476575124,23.83885298869144,0.8885298869143781,
19,3,simon,111,0.32512116316639744,0.06462035541195477,8.128029079159935,1.615508885298869,med
19,3,simon,112,0.5577544426494345,0.04765751211631664,13.943861066235863,1.191437802907916,high
19,3,simon,113,0.8622778675282714,0.0444264943457189,21.556946688206786,1.1106623586429725,
18,3,simon,104,0.11348949919224556,0.06946688206785137,2.837237479806139,1.7366720516962844,med
18,3,simon,105,0.4664781906300485,0.048465266558966075,11.661954765751211,1.2116316639741518,
18,3,simon,106,0.6239903069466882,0.023424878836833602,15.599757673667206,0.58562197092084,med
18,3,simon,107,0.7750403877221326,0.034733441033925685,19.376009693053316,0.8683360258481422,low
18,3,simon,108,0.8202746365105008,0.021809369951534735,20.50686591276252,0.5452342487883683,low
18,3,simon,109,0.3194668820678514,0.03796445880452343,7.986672051696285,0.9491114701130856,
18,3,simon,110,0.404281098546042,0.051696284329563816,10.10702746365105,1.2924071082390953,low
20,3,simon,114,0.1773021001615509,0.07108239095315025,4.432552504038773,1.7770597738287561,
20,3,simon,115,0.502827140549273,0.06058158319870759,12.570678513731826,1.5145395799676897,low
11,2,simon,0,0.013513513513513514,0.02275960170697013,0.33783783783783783,0.5689900426742532,low
11,2,simon,1,0.3869132290184922,0.04267425320056899,9.672830725462305,1.0668563300142246,low
11,2,simon,2,0.7069701280227596,0.01422475106685633,17.67425320056899,0.35561877667140823,
14,2,simon,7,0.22253634894991922,0.035541195476575124,5.563408723747981,0.8885298869143781,high
14,2,simon,8,0.5456381260096931,0.02988691437802908,13.640953150242327,0.747172859450727,med
14,2,simon,9,0.7289983844911146,0.034733441033925685,18.224959612277868,0.8683360258481422,
13,2,simon,2,0.4664781906300485,0.03877221324717286,11.661954765751211,0.9693053311793215,
13,2,simon,3,0.5133279483037156,0.01615508885298869,12.83319870759289,0.40387722132471726,low
13,2,simon,4,0.6062197092084006,0.033925686591276254,15.155492730210016,0.8481421647819063,
13,2,simon,5,0.6563004846526656,0.0444264943457189,16.40751211631664,1.1106623586429725,
13,2,simon,6,0.848546042003231,0.03150242326332795,21.213651050080777,0.7875605815831987,
15,2,simon,10,0.8445072697899838,0.02988691437802908,21.112681744749594,0.747172859450727,low
15,2,simon,11,0.3897415185783522,0.024232633279483037,9.743537964458806,0.6058158319870759,low
14,5,simon,30,0.2806946688206785,0.021809369951534735,7.0173667205169625,0.5452342487883683,low
14,5,simon,31,0.6062197092084006,0.021809369951534735,15.155492730210016,0.5452342487883683,low
14,5,simon,32,0.6748788368336026,0.02827140549273021,16.871970920840067,0.7067851373182552,med
14,5,simon,33,0.8461227786752827,0.04604200323101777,21.15306946688207,1.1510500807754442,high
15,5,simon,34,0.2104200323101777,0.025848142164781908,5.260500807754442,0.6462035541195477,low
15,5,simon,35,0.2403069466882068,0.024232633279483037,6.00767366720517,0.6058158319870759,low
15,5,simon,36,0.9648626817447497,0.022617124394184167,24.12156704361874,0.5654281098546041,med
15,5,simon,38,0.9268982229402262,0.01615508885298869,23.172455573505655,0.40387722132471726,low
15,5,simon,39,0.947092084006462,0.012116316639741519,23.67730210016155,0.30290791599353795,low
2,4,simon,145,0.08844911147011308,0.021809369951534735,2.211227786752827,0.5452342487883683,
2,4,simon,146,0.16599353796445881,0.023424878836833602,4.149838449111471,0.58562197092084,low
2,4,simon,147,0.3937802907915994,0.036348949919224556,9.844507269789984,0.908723747980614,med
2,4,simon,148,0.5916801292407108,0.036348949919224556,14.79200323101777,0.908723747980614,med
2,4,simon,149,0.8340064620355412,0.030694668820678513,20.85016155088853,0.7673667205169629,low
1,4,simon,141,0.21768982229402262,0.018578352180936994,5.4422455573505655,0.46445880452342486,low
1,4,simon,142,0.731421647819063,0.03796445880452343,18.285541195476576,0.9491114701130856,med
1,4,simon,143,0.965670436187399,0.023424878836833602,24.141760904684975,0.58562197092084,low
4,4,simon,159,0.09248788368336026,0.02665589660743134,2.3121970920840065,0.6663974151857834,
4,4,simon,160,0.4543618739903069,0.050080775444264945,11.359046849757673,1.2520193861066236,
4,4,simon,161,0.9551696284329564,0.03796445880452343,23.87924071082391,0.9491114701130856,low
3,4,simon,151,0.3574313408723748,0.02988691437802908,8.93578352180937,0.747172859450727,
3,4,simon,155,0.7112277867528272,0.021809369951534735,17.78069466882068,0.5452342487883683,high
3,4,simon,157,0.7976575121163166,0.021809369951534735,19.941437802907917,0.5452342487883683,med
3,4,simon,158,0.9761712439418416,0.021809369951534735,24.40428109854604,0.5452342487883683,low
5,4,simon,162,0.10783521809369952,0.02988691437802908,2.6958804523424877,0.747172859450727,
5,4,simon,163,0.5634087237479806,0.033925686591276254,14.085218093699513,0.8481421647819063,high
5,4,simon,164,0.36550888529886916,0.033925686591276254,9.13772213247173,0.8481421647819063,low
5,4,simon,165,0.922859450726979,0.03231017770597738,23.071486268174475,0.8077544426494345,low
5,4,simon,166,0.04240710823909531,0.025848142164781908,1.0601777059773827,0.6462035541195477,
17,7,simon,191,0.12885029288986774,0.021809369951534735,3.2212573222466934,0.5452342487883683,med
17,7,simon,192,0.2839391458785592,0.03231017770597738,7.098478646963979,0.8077544426494345,med
17,7,simon,193,0.7007404382856675,0.020193861066235864,17.518510957141686,0.5048465266558966,
17,7,simon,194,0.8194803413551343,0.03231017770597738,20.487008533878356,0.8077544426494345,high
17,7,simon,195,0.9689149132452797,0.03231017770597738,24.22287283113199,0.8077544426494345,high
16,7,simon,188,0.48264673877032005,0.02988691437802908,12.066168469258,0.747172859450727,med
16,7,simon,189,0.6377355917590115,0.0420032310177706,15.943389793975287,1.050080775444265,high
16,7,simon,190,0.7992864802888984,0.03231017770597738,19.98216200722246,0.8077544426494345,high
19,7,simon,200,0.7411281604181391,0.017770597738287562,18.52820401045348,0.44426494345718903,low
18,7,simon,196,0.05211362083817145,0.05250403877221325,1.3028405209542862,1.312600969305331,high
18,7,simon,197,0.23628163376224254,0.023424878836833602,5.9070408440560636,0.58562197092084,med
18,7,simon,198,0.4018712945053766,0.035541195476575124,10.046782362634415,0.8885298869143781,med
18,7,simon,199,0.6458131361855058,0.02827140549273021,16.145328404637645,0.7067851373182552,med
20,7,simon,201,0.2823236369932603,0.020193861066235864,7.058090924831507,0.5048465266558966,med
20,7,simon,202,0.4067178211612732,0.021809369951534735,10.16794552903183,0.5452342487883683,med
20,7,simon,203,0.5270732331160389,0.04038772213247173,13.176830827900973,1.0096930533117932,high
20,7,simon,204,0.6191572395780746,0.050080775444264945,15.478930989451865,1.2520193861066236,med
20,7,simon,205,0.7443591781887368,0.034733441033925685,18.60897945471842,0.8683360258481422,high
7,6,simon,78,0.08683360258481422,0.021809369951534735,2.1708400646203554,0.5452342487883683,low
7,6,simon,79,0.2055735056542811,0.020193861066235864,5.139337641357027,0.5048465266558966,med
7,6,simon,80,0.4810177705977383,0.025848142164781908,12.025444264943458,0.6462035541195477,high
6,6,simon,73,0.39781906300484654,0.0420032310177706,9.945476575121164,1.050080775444265,med
6,6,simon,74,0.5133279483037156,0.023424878836833602,12.83319870759289,0.58562197092084,
6,6,simon,75,0.601373182552504,0.0210016155088853,15.034329563812602,0.5250403877221325,
6,6,simon,76,0.8663166397415186,0.021809369951534735,21.657915993537966,0.5452342487883683,low
6,6,simon,77,0.965670436187399,0.023424878836833602,24.141760904684975,0.58562197092084,
9,6,simon,86,0.45032310177705975,0.02988691437802908,11.258077544426493,0.747172859450727,med
9,6,simon,87,0.6869951534733441,0.033925686591276254,17.174878836833603,0.8481421647819063,high
9,6,simon,88,0.9511308562197092,0.050080775444264945,23.778271405492728,1.2520193861066236,low
8,6,simon,81,0.38004846526655894,0.035541195476575124,9.501211631663974,0.8885298869143781,high
8,6,simon,82,0.49878836833602586,0.020193861066235864,12.469709208400646,0.5048465266558966,med
8,6,simon,83,0.5997576736672051,0.021809369951534735,14.993941841680128,0.5452342487883683,
8,6,simon,84,0.6264135702746365,0.024232633279483037,15.660339256865912,0.6058158319870759,low
8,6,simon,85,0.7726171243941842,0.017770597738287562,19.315428109854604,0.44426494345718903,low
10,6,simon,89,0.06098546042003231,0.033925686591276254,1.5246365105008077,0.8481421647819063,low
10,6,simon,90,0.2079967689822294,0.05250403877221325,5.199919224555735,1.312600969305331,high
10,6,simon,91,0.35823909531502424,0.02988691437802908,8.955977382875606,0.747172859450727,med
10,6,simon,92,0.502827140549273,0.01615508885298869,12.570678513731826,0.40387722132471726,low
17,9,simon,44,0.048869143780290794,0.036348949919224556,1.2217285945072698,0.908723747980614,med
17,9,simon,45,0.4244749596122779,0.03231017770597738,10.611873990306947,0.8077544426494345,low
17,9,simon,46,0.5472536348949919,0.025848142164781908,13.681340872374797,0.6462035541195477,med
17,9,simon,47,0.5811793214862682,0.036348949919224556,14.529483037156703,0.908723747980614,
16,9,simon,40,0.026252019386106624,0.020193861066235864,0.6563004846526656,0.5048465266558966,low
16,9,simon,42,0.24838449111470112,0.034733441033925685,6.209612277867528,0.8683360258481422,
16,9,simon,43,0.9309369951534734,0.03877221324717286,23.273424878836835,0.9693053311793215,
19,9,simon,52,0.37762520193861066,0.024232633279483037,9.440630048465266,0.6058158319870759,med
19,9,simon,53,0.8299676898222941,0.03796445880452343,20.749192245557353,0.9491114701130856,low
19,9,simon,54,0.34450726978998386,0.03231017770597738,8.612681744749597,0.8077544426494345,
18,9,simon,48,0.13126009693053312,0.03796445880452343,3.281502423263328,0.9491114701130856,
18,9,simon,49,0.33966074313408723,0.04765751211631664,8.491518578352181,1.191437802907916,high
18,9,simon,50,0.5004038772213247,0.045234248788368334,12.510096930533118,1.1308562197092082,
18,9,simon,51,0.5512924071082391,0.024232633279483037,13.782310177705979,0.6058158319870759,med
20,9,simon,55,0.6966882067851373,0.021809369951534735,17.41720516962843,0.5452342487883683,low
20,9,simon,56,0.8663166397415186,0.025848142164781908,21.657915993537966,0.6462035541195477,high
20,9,simon,57,0.8962035541195477,0.04038772213247173,22.40508885298869,1.0096930533117932,med
2,8,simon,123,0.0020193861066235864,0.02827140549273021,0.05048465266558966,0.7067851373182552,
2,8,simon,124,0.2992730210016155,0.07431340872374798,7.481825525040388,1.8578352180936994,
2,8,simon,125,0.7273828756058158,0.035541195476575124,18.184571890145396,0.8885298869143781,low
1,8,simon,116,0.07067851373182553,0.04038772213247173,1.7669628432956381,1.0096930533117932,high
1,8,simon,117,0.26453957996768984,0.04281098546042003,6.613489499192246,1.0702746365105007,
1,8,simon,118,0.14095315024232632,0.04281098546042003,3.5238287560581583,1.0702746365105007,low
1,8,simon,119,0.3937802907915994,0.04038772213247173,9.844507269789984,1.0096930533117932,low
1,8,simon,120,0.4422455573505654,0.05411954765751212,11.056138933764135,1.3529886914378029,
1,8,simon,121,0.8566235864297254,0.05250403877221325,21.415589660743134,1.312600969305331,
4,8,simon,130,0.030290791599353797,0.04038772213247173,0.7572697899838449,1.0096930533117932,med
4,8,simon,131,0.527059773828756,0.02827140549273021,13.1764943457189,0.7067851373182552,high
4,8,simon,133,0.6482229402261712,0.021809369951534735,16.20557350565428,0.5452342487883683,low
4,8,simon,134,0.7976575121163166,0.06058158319870759,19.941437802907917,1.5145395799676897,med
4,8,simon,135,0.9592084006462036,0.0420032310177706,23.98021001615509,1.050080775444265,
3,8,simon,126,0.12883683360258483,0.03877221324717286,3.2209208400646205,0.9693053311793215,high
3,8,simon,127,0.7693861066235864,0.050080775444264945,19.23465266558966,1.2520193861066236,med
3,8,simon,128,0.8840872374798061,0.020193861066235864,22.102180936995154,0.5048465266558966,
3,8,simon,129,0.9131663974151858,0.035541195476575124,22.829159935379646,0.8885298869143781,med
5,8,simon,137,0.03998384491114701,0.07027463651050081,0.9995961227786753,1.7568659127625201,high
5,8,simon,138,0.24838449111470112,0.09450726978998385,6.209612277867528,2.362681744749596,high
5,8,simon,139,0.6926494345718901,0.0420032310177706,17.31623586429725,1.050080775444265,high
5,8,simon,144,0.8461227786752827,0.03796445880452343,21.15306946688207,0.9491114701130856,low
7,11,frensoni,75,0.9452122408687068,0.05330700888450148,23.63030602171767,1.332675222112537,high
7,11,frensoni,77,0.3706811451135242,0.02171767028627838,9.267028627838105,0.5429417571569595,low
7,11,frensoni,78,0.11500493583415597,0.02566633761105627,2.8751233958538993,0.6416584402764067,low
7,11,frensoni,79,0.6115498519249754,0.022704837117472853,15.288746298124384,0.5676209279368213,low
6,11,frensoni,71,0.10019743336623889,0.039486673247778874,2.5049358341559724,0.9871668311944718,high
6,11,frensoni,74,0.48519249753208293,0.03356367226061204,12.129812438302073,0.839091806515301,med
9,11,frensoni,86,0.3173741362290227,0.034550839091806514,7.934353405725568,0.8637709772951628,high
9,11,frensoni,87,0.14758144126357353,0.04639684106614018,3.689536031589338,1.1599210266535045,med
9,11,frensoni,89,0.49111549851924974,0.022704837117472853,12.277887462981244,0.5676209279368213,low
9,11,frensoni,90,0.3657453109575518,0.02566633761105627,9.143632773938796,0.6416584402764067,low
8,11,frensoni,80,0.02912142152023692,0.06614017769002961,0.728035538005923,1.6535044422507403,high
8,11,frensoni,81,0.21964461994077,0.07305034550839092,5.49111549851925,1.826258637709773,high
8,11,frensoni,83,0.8524185587364265,0.03060217176702863,21.310463968410662,0.7650542941757157,med
8,11,frensoni,84,0.5473840078973347,0.02566633761105627,13.684600197433367,0.6416584402764067,low
8,11,frensoni,85,0.6885488647581441,0.02566633761105627,17.213721618953603,0.6416584402764067,low
10,11,frensoni,92,0.09328726554787758,0.03652517275419546,2.3321816386969396,0.9131293188548865,high
10,11,frensoni,93,0.5049358341559723,0.03060217176702863,12.623395853899307,0.7650542941757157,high
12,10,frensoni,239,0.8849950641658441,0.022704837117472853,22.124876604146102,0.5676209279368213,low
13,10,frensoni,240,0.288746298124383,0.02171767028627838,7.218657453109575,0.5429417571569595,low
15,10,frensoni,243,0.15745310957551825,0.024679170779861797,3.936327739387956,0.6169792694965449,low
15,10,frensoni,245,0.7615992102665351,0.02665350444225074,19.039980256663377,0.6663376110562685,
2,1,frensoni,225,0.573050345508391,0.03257650542941757,14.326258637709774,0.8144126357354392,high
1,1,frensoni,220,0.17127344521224086,0.049358341559723594,4.281836130306021,1.2339585389930898,high
1,1,frensoni,221,0.3390918065153011,0.0384995064165844,8.477295162882527,0.9624876604146101,high
1,1,frensoni,222,0.3973346495557749,0.02566633761105627,9.933366238894372,0.6416584402764067,med
1,1,frensoni,224,0.7941757156959526,0.0562685093780849,19.854392892398813,1.4067127344521224,low
4,1,frensoni,229,0.17818361303060218,0.027640671273445213,4.4545903257650545,0.6910167818361304,med
4,1,frensoni,230,0.589832181638697,0.029615004935834157,14.745804540967425,0.7403751233958539,low
4,1,frensoni,231,0.6391905231984205,0.034550839091806514,15.979763079960513,0.8637709772951628,low
4,1,frensoni,232,0.7685093780848964,0.02171767028627838,19.212734452122408,0.5429417571569595,low
3,1,frensoni,226,0.8129318854886476,0.034550839091806514,20.32329713721619,0.8637709772951628,high
3,1,frensoni,227,0.8672260612043435,0.023692003948667325,21.680651530108587,0.5923000987166831,low
3,1,frensoni,228,0.7240868706811451,0.029615004935834157,18.102171767028626,0.7403751233958539,low
5,1,frensoni,233,0.6145113524185587,0.027640671273445213,15.362783810463968,0.6910167818361304,high
5,1,frensoni,234,0.8948667324777887,0.06219151036525173,22.371668311944717,1.5547877591312933,high
5,1,frensoni,235,0.5839091806515301,0.02566633761105627,14.597729516288252,0.6416584402764067,low
5,1,frensoni,237,0.43879565646594276,0.023692003948667325,10.969891411648568,0.5923000987166831,
7,0,frensoni,172,0.9274432379072063,0.029615004935834157,23.186080947680157,0.7403751233958539,high
7,0,frensoni,174,0.041954590325765054,0.02171767028627838,1.0488647581441264,0.5429417571569595,low
7,0,frensoni,175,0.08045409674234946,0.02073050345508391,2.0113524185587366,0.5182625863770978,low
6,0,frensoni,163,0.16633761105626851,0.04639684106614018,4.158440276406713,1.1599210266535045,high
6,0,frensoni,164,0.324284304047384,0.04343534057255676,8.1071076011846,1.085883514313919,high
6,0,frensoni,166,0.918558736426456,0.02665350444225074,22.9639684106614,0.6663376110562685,low
6,0,frensoni,167,0.956071076011846,0.022704837117472853,23.901776900296152,0.5676209279368213,low
6,0,frensoni,169,0.7892398815399803,0.02665350444225074,19.730997038499506,0.6663376110562685,low
6,0,frensoni,171,0.832675222112537,0.04146100691016782,20.816880552813423,1.0365251727541955,low
9,0,frensoni,181,0.1771964461994077,0.04738400789733465,4.429911154985192,1.1846001974333662,high
9,0,frensoni,182,0.40720631786771966,0.02566633761105627,10.180157946692992,0.6416584402764067,low
8,0,frensoni,176,0.8267522211253702,0.035538005923000986,20.668805528134254,0.8884501480750246,high
8,0,frensoni,177,0.24531095755182625,0.040473840078973346,6.132773938795657,1.0118460019743336,high
8,0,frensoni,178,0.009378084896347482,0.027640671273445213,0.23445212240868707,0.6910167818361304,high
8,0,frensoni,179,0.6076011846001974,0.039486673247778874,15.190029615004935,0.9871668311944718,low
8,0,frensoni,180,0.4378084896347483,0.023692003948667325,10.945212240868706,0.5923000987166831,low
10,0,frensoni,183,0.30454096742349457,0.039486673247778874,7.613524185587364,0.9871668311944718,high
10,0,frensoni,184,0.09723593287265547,0.045409674234945706,2.430898321816387,1.1352418558736426,high
17,3,frensoni,130,0.07058242843040474,0.035538005923000986,1.7645607107601187,0.8884501480750246,high
17,3,frensoni,131,0.4338598223099704,0.02665350444225074,10.84649555774926,0.6663376110562685,high
17,3,frensoni,132,0.868213228035538,0.044422507403751234,21.70533070088845,1.1105626850937809,high
16,3,frensoni,127,0.17522211253701875,0.03751233958538993,4.380552813425469,0.9378084896347483,high
16,3,frensoni,128,0.9540967423494571,0.03257650542941757,23.852418558736428,0.8144126357354392,high
16,3,frensoni,129,0.3963474827245805,0.0315893385982231,9.908687068114512,0.7897334649555774,low
19,3,frensoni,143,0.5612043435340572,0.04244817374136229,14.030108588351432,1.0612043435340572,high
19,3,frensoni,144,0.3588351431391905,0.02665350444225074,8.970878578479763,0.6663376110562685,high
19,3,frensoni,145,0.3232971372161895,0.028627838104639685,8.082428430404738,0.7156959526159922,low
19,3,frensoni,146,0.8810463968410661,0.028627838104639685,22.026159921026654,0.7156959526159922,low
18,3,frensoni,133,0.11599210266535044,0.044422507403751234,2.899802566633761,1.1105626850937809,high
18,3,frensoni,134,0.47334649555774927,0.055281342546890426,11.833662388943731,1.3820335636722607,high
18,3,frensoni,137,0.3341559723593287,0.024679170779861797,8.353899308983218,0.6169792694965449,low
18,3,frensoni,139,0.6224086870681145,0.022704837117472853,15.560217176702862,0.5676209279368213,low
18,3,frensoni,142,0.4062191510365252,0.04837117472852912,10.15547877591313,1.2092793682132281,low
20,3,frensoni,147,0.19693978282329713,0.03060217176702863,4.923494570582428,0.7650542941757157,high
20,3,frensoni,148,0.16732477788746297,0.028627838104639685,4.1831194471865745,0.7156959526159922,low
20,3,frensoni,150,0.5296150049358341,0.034550839091806514,13.240375123395854,0.8637709772951628,low
11,2,frensoni,203,0.7043435340572557,0.028627838104639685,17.608588351431393,0.7156959526159922,low
11,2,frensoni,204,0.38153998025666336,0.039486673247778874,9.538499506416583,0.9871668311944718,low
11,2,frensoni,205,0.010365251727541954,0.024679170779861797,0.2591312931885489,0.6169792694965449,low
14,2,frensoni,213,0.22458045409674235,0.035538005923000986,5.614511352418559,0.8884501480750246,high
14,2,frensoni,214,0.5493583415597236,0.0384995064165844,13.733958538993091,0.9624876604146101,high
14,2,frensoni,215,0.7309970384995064,0.029615004935834157,18.27492596248766,0.7403751233958539,med
14,2,frensoni,216,0.3558736426456071,0.0315893385982231,8.896841066140178,0.7897334649555774,low
13,2,frensoni,208,0.8464955577492597,0.03356367226061204,21.162388943731493,0.839091806515301,high
13,2,frensoni,209,0.656959526159921,0.04343534057255676,16.423988153998025,1.085883514313919,high
13,2,frensoni,210,0.7270483711747285,0.03060217176702863,18.176209279368212,0.7650542941757157,low
13,2,frensoni,211,0.6056268509378084,0.029615004935834157,15.14067127344521,0.7403751233958539,med
13,2,frensoni,212,0.4674234945705824,0.054294175715695954,11.68558736426456,1.3573543928923988,med
15,2,frensoni,217,0.38647581441263573,0.04244817374136229,9.661895360315894,1.0612043435340572,low
15,2,frensoni,219,0.8425468904244817,0.0315893385982231,21.063672260612044,0.7897334649555774,low
12,5,frensoni,151,0.5720631786771965,0.024679170779861797,14.301579466929912,0.6169792694965449,low
14,5,frensoni,153,0.8563672260612043,0.0315893385982231,21.409180651530107,0.7897334649555774,high
14,5,frensoni,154,0.6767028627838104,0.02665350444225074,16.91757156959526,0.6663376110562685,low
14,5,frensoni,155,0.28084896347482724,0.02171767028627838,7.0212240868706814,0.5429417571569595,low
15,5,frensoni,160,0.21273445212240868,0.04738400789733465,5.318361303060217,1.1846001974333662,low
2,4,frensoni,4,0.08769444444444445,0.024,2.1923611111111114,0.6,high
2,4,frensoni,5,0.39525,0.029333333333333333,9.88125,0.7333333333333333,high
2,4,frensoni,6,0.59525,0.020444444444444446,14.881249999999998,0.5111111111111112,high
2,4,frensoni,7,0.8316944444444444,0.024888888888888887,20.79236111111111,0.6222222222222222,high
2,4,frensoni,8,0.16769444444444445,0.021333333333333333,4.192361111111111,0.5333333333333333,low
1,4,frensoni,2,0.7294722222222222,0.025777777777777778,18.236805555555556,0.6444444444444445,high
1,4,frensoni,3,0.9685833333333334,0.02311111111111111,24.214583333333334,0.5777777777777777,high
4,4,frensoni,9,0.4575518262586377,0.04343534057255676,11.438795656465944,1.085883514313919,high
4,4,frensoni,10,0.09427443237907206,0.019743336623889437,2.3568608094768013,0.4935834155972359,med
4,4,frensoni,11,0.9659427443237907,0.02171767028627838,24.148568608094767,0.5429417571569595,low
4,4,frensoni,12,0.30157946692991117,0.029615004935834157,7.539486673247779,0.7403751233958539,low
3,4,frensoni,9,0.35880555555555554,0.028444444444444446,8.970138888888888,0.7111111111111111,high
3,4,frensoni,10,0.7090277777777778,0.019555555555555555,17.725694444444446,0.4888888888888889,high
3,4,frensoni,11,0.7961388888888888,0.024,19.90347222222222,0.6,low
3,4,frensoni,12,0.9721388888888889,0.024,24.303472222222222,0.6,high
5,4,frensoni,13,0.5661401776900297,0.029615004935834157,14.153504442250743,0.7403751233958539,high
5,4,frensoni,14,0.10612043435340572,0.027640671273445213,2.653010858835143,0.6910167818361304,high
5,4,frensoni,15,0.046890424481737414,0.022704837117472853,1.1722606120434353,0.5676209279368213,med
5,4,frensoni,16,0.9254689042448174,0.02171767028627838,23.136722606120436,0.5429417571569595,med
17,7,frensoni,188,0.8237907206317868,0.024679170779861797,20.59476801579467,0.6169792694965449,high
17,7,frensoni,189,0.9738400789733465,0.02665350444225074,24.34600197433366,0.6663376110562685,med
17,7,frensoni,190,0.7013820335636722,0.018756169792694965,17.534550839091807,0.46890424481737414,low
17,7,frensoni,192,0.12783810463968412,0.02171767028627838,3.195952615992103,0.5429417571569595,low
17,7,frensoni,193,0.28479763079960513,0.022704837117472853,7.119940769990128,0.5676209279368213,low
16,7,frensoni,185,0.48519249753208293,0.024679170779861797,12.129812438302073,0.6169792694965449,
16,7,frensoni,186,0.6470878578479763,0.02566633761105627,16.177196446199407,0.6416584402764067,low
16,7,frensoni,187,0.8000987166831195,0.03060217176702863,20.002467917077986,0.7650542941757157,low
18,7,frensoni,194,0.07255676209279369,0.029615004935834157,1.813919052319842,0.7403751233958539,high
18,7,frensoni,195,0.4062191510365252,0.027640671273445213,10.15547877591313,0.6910167818361304,med
18,7,frensoni,196,0.6490621915103653,0.02171767028627838,16.22655478775913,0.5429417571569595,med
18,7,frensoni,197,0.23938795656465942,0.02171767028627838,5.9846989141164855,0.5429417571569595,low
18,7,frensoni,199,0.7517275419545904,0.039486673247778874,18.79318854886476,0.9871668311944718,low
20,7,frensoni,200,0.7418558736426456,0.024679170779861797,18.54639684106614,0.6169792694965449,high
20,7,frensoni,201,0.623395853899309,0.03751233958538993,15.584896347482724,0.9378084896347483,med
20,7,frensoni,202,0.5256663376110563,0.03652517275419546,13.141658440276407,0.9131293188548865,high
7,6,frensoni,22,0.48223099703849953,0.024679170779861797,12.055774925962488,0.6169792694965449,high
7,6,frensoni,23,0.09032576505429418,0.017769002961500493,2.2581441263573545,0.4442250740375123,low
7,6,frensoni,24,0.20384995064165845,0.02073050345508391,5.0962487660414615,0.5182625863770978,low
6,6,frensoni,17,0.4022704837117473,0.039486673247778874,10.056762092793683,0.9871668311944718,high
6,6,frensoni,18,0.9689042448173741,0.019743336623889437,24.222606120434353,0.4935834155972359,med
6,6,frensoni,19,0.6016781836130306,0.019743336623889437,15.041954590325766,0.4935834155972359,med
6,6,frensoni,20,0.5148075024679171,0.022704837117472853,12.870187561697927,0.5676209279368213,low
9,6,frensoni,29,0.4545903257650543,0.035538005923000986,11.364758144126357,0.8884501480750246,high
9,6,frensoni,31,0.31145113524185586,0.02171767028627838,7.7862783810463965,0.5429417571569595,low
9,6,frensoni,32,0.6885488647581441,0.02171767028627838,17.213721618953603,0.5429417571569595,med
9,6,frensoni,34,0.9521224086870681,0.019743336623889437,23.803060217176704,0.4935834155972359,low
8,6,frensoni,25,0.38252714708785784,0.03257650542941757,9.563178677196445,0.8144126357354392,high
8,6,frensoni,26,0.4990128331688055,0.022704837117472853,12.475320829220138,0.5676209279368213,high
8,6,frensoni,27,0.5997038499506416,0.019743336623889437,14.992596248766041,0.4935834155972359,med
8,6,frensoni,28,0.6273445212240869,0.02073050345508391,15.683613030602173,0.5182625863770978,low
10,6,frensoni,36,0.22063178677196446,0.03060217176702863,5.515794669299112,0.7650542941757157,high
10,6,frensoni,37,0.3558736426456071,0.024679170779861797,8.896841066140178,0.6169792694965449,med
10,6,frensoni,38,0.032082922013820334,0.02073050345508391,0.8020730503455084,0.5182625863770978,low
17,9,frensoni,106,0.052813425468904246,0.029615004935834157,1.3203356367226062,0.7403751233958539,high
17,9,frensoni,108,0.10809476801579466,0.023692003948667325,2.7023692003948665,0.5923000987166831,med
17,9,frensoni,110,0.4249753208292201,0.02665350444225074,10.624383020730503,0.6663376110562685,low
17,9,frensoni,113,0.5779861796643633,0.02171767028627838,14.449654491609081,0.5429417571569595,low
17,9,frensoni,114,0.5444225074037512,0.019743336623889437,13.61056268509378,0.4935834155972359,low
16,9,frensoni,96,0.25222112537018754,0.034550839091806514,6.305528134254688,0.8637709772951628,high
16,9,frensoni,97,0.9304047384007897,0.028627838104639685,23.260118460019743,0.7156959526159922,med
16,9,frensoni,98,0.6273445212240869,0.02665350444225074,15.683613030602173,0.6663376110562685,low
16,9,frensoni,103,0.782329713721619,0.024679170779861797,19.558242843040475,0.6169792694965449,low
16,9,frensoni,104,0.026159921026653505,0.018756169792694965,0.6539980256663376,0.46890424481737414,low
16,9,frensoni,105,0.42003948667324775,0.022704837117472853,10.500987166831194,0.5676209279368213,low
19,9,frensoni,121,0.8316880552813426,0.028627838104639685,20.792201382033564,0.7156959526159922,med
19,9,frensoni,122,0.3420533070088845,0.0315893385982231,8.551332675222111,0.7897334649555774,low
19,9,frensoni,123,0.38153998025666336,0.019743336623889437,9.538499506416583,0.4935834155972359,low
18,9,frensoni,115,0.1416584402764067,0.02566633761105627,3.5414610069101675,0.6416584402764067,high
18,9,frensoni,116,0.34007897334649556,0.040473840078973346,8.501974333662389,1.0118460019743336,high
18,9,frensoni,117,0.5049358341559723,0.034550839091806514,12.623395853899307,0.8637709772951628,high
18,9,frensoni,119,0.7013820335636722,0.02073050345508391,17.534550839091807,0.5182625863770978,low
20,9,frensoni,125,0.8672260612043435,0.02171767028627838,21.680651530108587,0.5429417571569595,high
20,9,frensoni,126,0.8998025666337611,0.023692003948667325,22.495064165844028,0.5923000987166831,low
2,8,frensoni,48,0.0014807502467917078,0.022704837117472853,0.037018756169792694,0.5676209279368213,high
2,8,frensoni,49,0.30552813425468905,0.06416584402764067,7.638203356367226,1.6041461006910167,high
2,8,frensoni,50,0.7339585389930898,0.02171767028627838,18.348963474827247,0.5429417571569595,low
1,8,frensoni,40,0.8622902270483712,0.04343534057255676,21.55725567620928,1.085883514313919,high
1,8,frensoni,42,0.4397828232971372,0.05231984205330701,10.99457058242843,1.3079960513326752,high
1,8,frensoni,43,0.40325765054294177,0.023692003948667325,10.081441263573545,0.5923000987166831,low
1,8,frensoni,44,0.2690029615004936,0.03751233958538993,6.725074037512339,0.9378084896347483,low
1,8,frensoni,45,0.14363277393879564,0.0315893385982231,3.590819348469891,0.7897334649555774,low
1,8,frensoni,46,0.07749259624876605,0.029615004935834157,1.9373149062191513,0.7403751233958539,low
1,8,frensoni,47,0.7043435340572557,0.02665350444225074,17.608588351431393,0.6663376110562685,low
4,8,frensoni,57,0.9619940769990128,0.03060217176702863,24.04985192497532,0.7650542941757157,high
4,8,frensoni,58,0.5286278381046396,0.023692003948667325,13.215695952615992,0.5923000987166831,high
4,8,frensoni,59,0.7961500493583415,0.02566633761105627,19.903751233958538,0.6416584402764067,med
4,8,frensoni,60,0.033070088845014806,0.02665350444225074,0.8267522211253702,0.6663376110562685,low
4,8,frensoni,61,0.6530108588351431,0.02171767028627838,16.325271470878576,0.5429417571569595,low
4,8,frensoni,64,0.004442250740375123,0.017769002961500493,0.11105626850937808,0.4442250740375123,low
3,8,frensoni,51,0.13079960513326752,0.034550839091806514,3.269990128331688,0.8637709772951628,high
3,8,frensoni,54,0.9155972359328727,0.023692003948667325,22.88993089832182,0.5923000987166831,med
3,8,frensoni,55,0.7734452122408687,0.02171767028627838,19.33613030602172,0.5429417571569595,med
5,8,frensoni,65,0.043928923988154,0.05231984205330701,1.09822309970385,1.3079960513326752,high
5,8,frensoni,66,0.2611056268509378,0.06811451135241856,6.527640671273445,1.702862783810464,high
5,8,frensoni,67,0.6934846989141165,0.03060217176702863,17.33711747285291,0.7650542941757157,high
5,8,frensoni,68,0.8455083909180652,0.03751233958538993,21.13770977295163,0.9378084896347483,med
5,8,frensoni,70,0.9679170779861797,0.023692003948667325,24.19792694965449,0.5923000987166831,low
7,11,Karine,60,0.09328726554787758,0.049358341559723594,2.3321816386969396,1.2339585389930898,med
7,11,Karine,61,0.9442250740375123,0.05725567620927937,23.605626850937806,1.4313919052319843,high
7,11,Karine,62,0.6115498519249754,0.03257650542941757,15.288746298124384,0.8144126357354392,med
7,11,Karine,64,0.3588351431391905,0.03356367226061204,8.970878578479763,0.839091806515301,med
6,11,Karine,56,0.10019743336623889,0.039486673247778874,2.5049358341559724,0.9871668311944718,high
6,11,Karine,57,0.4792694965449161,0.040473840078973346,11.981737413622902,1.0118460019743336,med
9,11,Karine,71,0.3144126357354393,0.034550839091806514,7.860315893385983,0.8637709772951628,high
9,11,Karine,72,0.14758144126357353,0.05133267522211254,3.689536031589338,1.2833168805528135,high
9,11,Karine,74,0.6826258637709773,0.0562685093780849,17.065646594274433,1.4067127344521224,low
9,11,Karine,77,0.48716683119447185,0.02171767028627838,12.179170779861796,0.5429417571569595,high
9,11,Karine,78,0.3617966436327739,0.029615004935834157,9.044916090819347,0.7403751233958539,med
9,11,Karine,79,0.518756169792695,0.03751233958538993,12.968904244817375,0.9378084896347483,med
8,11,Karine,65,0.025172754195459033,0.07107601184600197,0.6293188548864759,1.7769002961500493,high
8,11,Karine,67,0.3736426456071076,0.02073050345508391,9.34106614017769,0.5182625863770978,med
8,11,Karine,69,0.22063178677196446,0.06219151036525173,5.515794669299112,1.5547877591312933,high
8,11,Karine,70,0.8504442250740375,0.0562685093780849,21.261105626850938,1.4067127344521224,med
10,11,Karine,80,0.0863770977295163,0.049358341559723594,2.1594274432379073,1.2339585389930898,high
10,11,Karine,81,0.5029615004935835,0.0315893385982231,12.574037512339586,0.7897334649555774,high
15,10,Karine,18,0.15350444225074036,0.03356367226061204,3.8376110562685093,0.839091806515301,low
15,10,Karine,19,0.7596248766041461,0.03060217176702863,18.990621915103652,0.7650542941757157,low
2,1,Karine,233,0.5763016106550809,0.03150807893804654,14.407540266377023,0.7877019734511634,high
1,1,Karine,230,0.17315978014007516,0.04766606813704476,4.328994503501879,1.1916517034261191,high
1,1,Karine,231,0.3355475715900073,0.04120287245744547,8.388689289750182,1.030071811436137,high
1,1,Karine,232,0.3977558300061505,0.023429084338547426,9.943895750153763,0.5857271084636856,med
4,1,Karine,237,0.023698380049341584,0.020197486498747783,0.5924595012335396,0.5049371624686946,med
4,1,Karine,238,0.14488329904182828,0.08159784545494105,3.622082476045707,2.0399461363735263,high
4,1,Karine,239,0.28545780507311286,0.042010771917395384,7.136445126827821,1.0502692979348847,med
4,1,Karine,241,0.5908438009341793,0.03231597839799645,14.771095023354484,0.8078994599499113,med
4,1,Karine,242,0.6401256679911239,0.03877917407759574,16.003141699778098,0.9694793519398935,med
3,1,Karine,235,0.812208252960455,0.03473967677784619,20.305206324011372,0.8684919194461547,high
3,1,Karine,236,0.9043087913947448,0.017773788118898046,22.60771978486862,0.44434470297245116,med
5,1,Karine,243,0.6175044831125264,0.025852782718397162,15.43761207781316,0.6463195679599291,high
5,1,Karine,246,0.8921902994954962,0.08240574491489094,22.304757487387405,2.060143622872274,high
5,1,Karine,247,0.4268402105643473,0.036355475697746005,10.671005264108683,0.9088868924436502,med
7,0,Karine,162,0.9172351827539434,0.04362657083729521,22.930879568848585,1.0906642709323802,high
7,0,Karine,163,0.04066426870828972,0.025852782718397162,1.016606717707243,0.6463195679599291,med
7,0,Karine,164,0.07944344278588546,0.022621184878597517,1.9860860696471365,0.565529621964938,med
6,0,Karine,155,0.16346498662067624,0.048473967596994676,4.086624665516906,1.211849189924867,high
6,0,Karine,156,0.32666067753055833,0.04524236975719503,8.166516938263959,1.131059243929876,high
6,0,Karine,157,0.7903949675418074,0.02666068217834707,19.759874188545183,0.6665170544586768,med
6,0,Karine,159,0.8275583426995033,0.048473967596994676,20.688958567487585,1.211849189924867,med
6,0,Karine,160,0.921274680053693,0.023429084338547426,23.031867001342324,0.5857271084636856,med
6,0,Karine,161,0.9543985579116394,0.02666068217834707,23.859963947790984,0.6665170544586768,med
9,0,Karine,174,0.18043087527962437,0.04928186705694459,4.5107718819906095,1.2320466764236147,high
8,0,Karine,166,0.8154398508002546,0.04524236975719503,20.385996270006366,1.131059243929876,high
8,0,Karine,167,0.23617593801616824,0.05574506273654388,5.904398450404206,1.3936265684135969,high
8,0,Karine,172,0.0018850946306939785,0.03554757623779609,0.047127365767349466,0.8886894059449023,high
8,0,Karine,173,0.8647217178571992,0.01858168757884796,21.61804294642998,0.46454218947119896,med
10,0,Karine,175,0.09156193468513413,0.05493716327659397,2.2890483671283532,1.3734290819148491,high
10,0,Karine,176,0.3056552915718606,0.03473967677784619,7.641382289296515,0.8684919194461547,high
17,3,Karine,114,0.056014358447338035,0.051705565436794325,1.4003589611834508,1.2926391359198581,high
17,3,Karine,115,0.4333034062439466,0.029084380558196805,10.832585156098665,0.7271095139549201,high
17,3,Karine,116,0.8655296173171492,0.054129263816644055,21.63824043292873,1.3532315954161014,high
16,3,Karine,110,0.17800717689977463,0.06140035895619326,4.450179422494366,1.5350089739048314,high
16,3,Karine,112,0.3912926343265512,0.060592459496243346,9.78231585816378,1.5148114874060836,med
16,3,Karine,113,0.9374326692526912,0.0500897665168945,23.43581673131728,1.2522441629223624,high
19,3,Karine,124,0.5601436214560827,0.04524236975719503,14.003590536402067,1.131059243929876,high
19,3,Karine,125,0.3549371586288052,0.03473967677784619,8.87342896572013,0.8684919194461547,high
19,3,Karine,126,0.3234290796907587,0.021005385958697692,8.085726992268967,0.5251346489674423,high
19,3,Karine,150,0.8534111254179004,0.021005385958697692,21.33527813544751,0.5251346489674423,low
19,3,Karine,151,0.8800718075962475,0.021813285418647604,22.001795189906186,0.5453321354661901,low
18,3,Karine,117,0.10044882874458315,0.07594254923529166,2.5112207186145787,1.8985637308822916,high
18,3,Karine,118,0.4704667814016425,0.059784560036293434,11.761669535041062,1.4946140009073359,high
18,3,Karine,119,0.31454218563130965,0.046050269217144946,7.863554640782741,1.1512567304286236,high
18,3,Karine,120,0.4034111262257999,0.0500897665168945,10.085278155644998,1.2522441629223624,high
18,3,Karine,121,0.6231597793321757,0.022621184878597517,15.578994483304392,0.565529621964938,high
18,3,Karine,122,0.6546678582702223,0.03473967677784619,16.36669645675556,0.8684919194461547,med
18,3,Karine,123,0.7580789891438109,0.04524236975719503,18.95197472859527,1.131059243929876,med
20,3,Karine,127,0.1683123833803757,0.07917414707509131,4.207809584509393,1.9793536768772828,high
20,3,Karine,128,0.4971274635799896,0.06543985625594281,12.42818658949974,1.6359964063985704,med
11,2,Karine,0,0.7043435340572557,0.01678183613030602,17.608588351431393,0.4195459032576505,high
11,2,Karine,1,0.011352418558736426,0.023692003948667325,0.28381046396841064,0.5923000987166831,med
11,2,Karine,2,0.3805528134254689,0.05133267522211254,9.513820335636723,1.2833168805528135,med
14,2,Karine,7,0.2235932872655479,0.035538005923000986,5.589832181638697,0.8884501480750246,med
14,2,Karine,9,0.5473840078973347,0.040473840078973346,13.684600197433367,1.0118460019743336,med
14,2,Karine,10,0.7319842053307009,0.03257650542941757,18.299605133267523,0.8144126357354392,high
13,2,Karine,3,0.6559723593287266,0.044422507403751234,16.399308983218162,1.1105626850937809,med
13,2,Karine,5,0.5997038499506416,0.04244817374136229,14.992596248766041,1.0612043435340572,high
13,2,Karine,6,0.8455083909180652,0.034550839091806514,21.13770977295163,0.8637709772951628,med
13,2,Karine,17,0.4654491609081935,0.10266535044422508,11.636229022704837,2.566633761105627,low
15,2,Karine,14,0.8415597235932872,0.03652517275419546,21.038993089832182,0.9131293188548865,low
15,2,Karine,15,0.3845014807502468,0.04639684106614018,9.61253701875617,1.1599210266535045,low
11,5,Karine,20,0.5375123395853899,0.02665350444225074,13.437808489634747,0.6663376110562685,low
14,5,Karine,21,0.8425468904244817,0.054294175715695954,21.063672260612044,1.3573543928923988,high
14,5,Karine,25,0.6776900296150049,0.022704837117472853,16.942250740375123,0.5676209279368213,med
14,5,Karine,55,0.2818361303060217,0.02073050345508391,7.045903257650544,0.5182625863770978,low
15,5,Karine,26,0.21076011846001974,0.050345508390918066,5.269002961500494,1.2586377097729518,med
15,5,Karine,27,0.9274432379072063,0.0562685093780849,23.186080947680157,1.4067127344521224,med
2,4,Karine,215,0.8332136389191527,0.029892280018146717,20.830340972978817,0.7473070004536679,high
2,4,Karine,218,0.594075398773979,0.01938958703879787,14.851884969349474,0.48473967596994677,low
2,4,Karine,219,0.3969479305462006,0.028276481098246896,9.923698263655014,0.7069120274561724,low
1,4,Karine,212,0.9681328487307879,0.01858168757884796,24.203321218269696,0.46454218947119896,low
1,4,Karine,214,0.730610407505514,0.020197486498747783,18.26526018763785,0.5049371624686946,low
4,4,Karine,224,0.45754039004244396,0.04362657083729521,11.4385097510611,1.0906642709323802,high
4,4,Karine,225,0.9624775525111385,0.02666068217834707,24.061938812778465,0.6665170544586768,med
3,4,Karine,221,0.35816875646860485,0.022621184878597517,8.954218911715122,0.565529621964938,high
3,4,Karine,222,0.7096050215468163,0.016157989198998225,17.740125538670405,0.40394972997495565,high
3,4,Karine,223,0.9729802454904873,0.020197486498747783,24.324506137262183,0.5049371624686946,low
5,4,Karine,227,0.5690305155155317,0.025852782718397162,14.225762887888294,0.6463195679599291,high
5,4,Karine,229,0.10610412496423254,0.02666068217834707,2.6526031241058132,0.6665170544586768,high
17,7,Karine,31,0.7003948667324777,0.019743336623889437,17.509871668311945,0.4935834155972359,high
17,7,Karine,32,0.8208292201382034,0.03060217176702863,20.520730503455084,0.7650542941757157,high
17,7,Karine,33,0.12783810463968412,0.02073050345508391,3.195952615992103,0.5182625863770978,high
17,7,Karine,34,0.2857847976307996,0.022704837117472853,7.14461994076999,0.5676209279368213,med
17,7,Karine,54,0.9718657453109576,0.028627838104639685,24.29664363277394,0.7156959526159922,low
16,7,Karine,28,0.6451135241855873,0.035538005923000986,16.127838104639682,0.8884501480750246,high
16,7,Karine,29,0.47334649555774927,0.03751233958538993,11.833662388943731,0.9378084896347483,med
16,7,Karine,30,0.7951628825271471,0.03751233958538993,19.879072063178675,0.9378084896347483,med
19,7,Karine,41,0.7398815399802566,0.013820335636722606,18.497038499506417,0.3455083909180652,low
18,7,Karine,35,0.04985192497532083,0.05725567620927937,1.2462981243830207,1.4313919052319843,high
18,7,Karine,36,0.4062191510365252,0.028627838104639685,10.15547877591313,0.7156959526159922,med
18,7,Karine,38,0.6500493583415597,0.018756169792694965,16.251233958538993,0.46890424481737414,med
18,7,Karine,39,0.7537018756169793,0.04146100691016782,18.842546890424483,1.0365251727541955,low
18,7,Karine,53,0.2403751233958539,0.019743336623889437,6.009378084896348,0.4935834155972359,low
20,7,Karine,42,0.5246791707798618,0.03652517275419546,13.116979269496545,0.9131293188548865,high
20,7,Karine,43,0.7388943731490621,0.03060217176702863,18.472359328726554,0.7650542941757157,high
20,7,Karine,47,0.6243830207305034,0.03751233958538993,15.609575518262586,0.9378084896347483,med
20,7,Karine,50,0.28084896347482724,0.01678183613030602,7.0212240868706814,0.4195459032576505,low
20,7,Karine,52,0.41016781836130306,0.01678183613030602,10.254195459032577,0.4195459032576505,low
7,6,Karine,134,0.48096947438099136,0.02504488325844725,12.024236859524784,0.6261220814611812,high
7,6,Karine,135,0.2038599596181718,0.01938958703879787,5.096498990454295,0.48473967596994677,med
6,6,Karine,129,0.3985637294661004,0.04120287245744547,9.964093236652511,1.030071811436137,high
6,6,Karine,130,0.5157091511588375,0.020197486498747783,12.892728778970937,0.5049371624686946,high
6,6,Karine,131,0.6013464939135281,0.017773788118898046,15.033662347838202,0.44434470297245116,low
6,6,Karine,132,0.867145416237049,0.016965888658948138,21.678635405926226,0.42414721647370346,low
6,6,Karine,133,0.9705565471106375,0.01858168757884796,24.263913677765938,0.46454218947119896,low
9,6,Karine,142,0.45754039004244396,0.022621184878597517,11.4385097510611,0.565529621964938,high
9,6,Karine,143,0.6877917361281687,0.021813285418647604,17.194793403204216,0.5453321354661901,high
9,6,Karine,152,0.30888688941166026,0.03070017947809663,7.722172235291507,0.7675044869524157,low
8,6,Karine,136,0.38159784080715226,0.029892280018146717,9.539946020178807,0.7473070004536679,high
8,6,Karine,137,0.4971274635799896,0.023429084338547426,12.42818658949974,0.5857271084636856,high
8,6,Karine,138,0.5997306949936283,0.01938958703879787,14.993267374840707,0.48473967596994677,high
8,6,Karine,140,0.6288150755518251,0.01858168757884796,15.720376888795629,0.46454218947119896,med
10,6,Karine,144,0.20870735637787127,0.0500897665168945,5.217683909446782,1.2522441629223624,high
10,6,Karine,145,0.35897665592855477,0.023429084338547426,8.974416398213869,0.5857271084636856,high
10,6,Karine,153,0.061669654666987414,0.021005385958697692,1.5417413666746853,0.5251346489674423,low
10,6,Karine,154,0.031777374648840694,0.020197486498747783,0.7944343662210174,0.5049371624686946,low
17,9,Karine,89,0.04308796708813945,0.09048473951439007,1.0771991772034863,2.262118487859752,high
17,9,Karine,90,0.420377014884748,0.03231597839799645,10.5094253721187,0.8078994599499113,high
17,9,Karine,91,0.548025129556834,0.06705565517584264,13.700628238920851,1.6763913793960659,high
16,9,Karine,83,0.026159921026653505,0.019743336623889437,0.6539980256663376,0.4935834155972359,med
16,9,Karine,84,0.25152602775521654,0.048473967596994676,6.2881506938804135,1.211849189924867,high
16,9,Karine,86,0.9261220768133924,0.0719030519355421,23.15305192033481,1.7975762983885524,high
16,9,Karine,105,0.420377014884748,0.023429084338547426,10.5094253721187,0.5857271084636856,low
16,9,Karine,106,0.6288150755518251,0.027468581638296984,15.720376888795629,0.6867145409574246,med
16,9,Karine,107,0.7823159729423083,0.021005385958697692,19.557899323557706,0.5251346489674423,low
19,9,Karine,100,0.3428186667295565,0.029892280018146717,8.570466668238913,0.7473070004536679,med
19,9,Karine,101,0.38078994134720234,0.01938958703879787,9.519748533680058,0.48473967596994677,high
19,9,Karine,102,0.8251346443196536,0.06543985625594281,20.62836610799134,1.6359964063985704,high
18,9,Karine,92,0.12468581254308049,0.042010771917395384,3.117145313577012,1.0502692979348847,high
18,9,Karine,93,0.3355475715900073,0.05089766597684441,8.388689289750182,1.2724416494211104,high
18,9,Karine,98,0.5011669608797391,0.06624775571589273,12.529174021993478,1.656193892897318,high
18,9,Karine,99,0.6966786301876177,0.025852782718397162,17.41696575469044,0.6463195679599291,high
20,9,Karine,104,0.8647217178571992,0.07432675031539183,21.61804294642998,1.8581687578847959,high
2,8,Karine,189,0.0018850946306939785,0.024236983798497338,0.047127365767349466,0.6059245949624334,high
2,8,Karine,190,0.30727109049176043,0.06301615787609308,7.681777262294011,1.5754039469023269,high
2,8,Karine,191,0.6449730647508234,0.036355475697746005,16.124326618770585,0.9088868924436502,low
2,8,Karine,192,0.7273788096657143,0.029084380558196805,18.18447024164286,0.7271095139549201,low
1,8,Karine,177,0.8582585221775999,0.04766606813704476,21.456463054439997,1.1916517034261191,high
1,8,Karine,178,0.2676840169542148,0.04120287245744547,6.692100423855369,1.030071811436137,high
1,8,Karine,179,0.07701974440603572,0.03150807893804654,1.925493610150893,0.7877019734511634,high
1,8,Karine,181,0.1456911985017782,0.03877917407759574,3.642279962544455,0.9694793519398935,high
1,8,Karine,184,0.40664272406559954,0.08563734275469059,10.166068101639988,2.140933568867265,high
1,8,Karine,187,0.7023339264072671,0.020197486498747783,17.558348160181676,0.5049371624686946,low
1,8,Karine,209,0.5997306949936283,0.01938958703879787,14.993267374840707,0.48473967596994677,low
4,8,Karine,197,0.9608617535912387,0.03231597839799645,24.021543839780968,0.8078994599499113,high
4,8,Karine,199,0.793626565381607,0.027468581638296984,19.840664134540177,0.6867145409574246,high
4,8,Karine,200,0.529443441977986,0.022621184878597517,13.23608604944965,0.565529621964938,high
4,8,Karine,201,0.032585274108790606,0.027468581638296984,0.8146318527197651,0.6867145409574246,high
4,8,Karine,202,0.6506283609704727,0.01858168757884796,16.265709024261817,0.46454218947119896,low
4,8,Karine,203,0.8275583426995033,0.029084380558196805,20.688958567487585,0.7271095139549201,low
3,8,Karine,193,0.12791741038288013,0.03716337515769592,3.197935259572003,0.9290843789423979,high
3,8,Karine,194,0.775852777262709,0.042010771917395384,19.396319431567726,1.0502692979348847,high
3,8,Karine,195,0.8841113048959971,0.017773788118898046,22.10278262239993,0.44434470297245116,low
3,8,Karine,196,0.912387785994244,0.027468581638296984,22.809694649856098,0.6867145409574246,med
5,8,Karine,204,0.041472168168239634,0.0573608616564437,1.0368042042059908,1.4340215414110924,high
5,8,Karine,206,0.2604129218146656,0.07917414707509131,6.51032304536664,1.9793536768772828,high
5,8,Karine,207,0.6918312334279182,0.03473967677784619,17.295780835697954,0.8684919194461547,high
5,8,Karine,208,0.8340215383791025,0.04928186705694459,20.850538459477562,1.2320466764236147,med
2,4,Nicola,34,0.8364153627311522,0.02418207681365576,20.910384068278805,0.604551920341394,high
2,4,Nicola,36,0.0860597439544808,0.022048364153627313,2.15149359886202,0.5512091038406828,high
2,4,Nicola,37,0.16927453769559034,0.017780938833570414,4.231863442389758,0.44452347083926036,med
2,4,Nicola,38,0.39758179231863444,0.02631578947368421,9.939544807965861,0.6578947368421052,med
2,4,Nicola,39,0.5960170697012802,0.02844950213371266,14.900426742532005,0.7112375533428165,med
1,4,Nicola,32,0.9644381223328592,0.025604551920341393,24.11095305832148,0.6401137980085349,med
1,4,Nicola,33,0.732574679943101,0.021337126600284494,18.314366998577526,0.5334281650071123,med
4,4,Nicola,44,0.4566145092460882,0.04623044096728307,11.415362731152205,1.1557610241820768,
4,4,Nicola,45,0.9608819345661451,0.029160739687055477,24.02204836415363,0.7290184921763869,med
4,4,Nicola,46,0.09103840682788052,0.022048364153627313,2.275960170697013,0.5512091038406828,med
3,4,Nicola,40,0.3584637268847795,0.025604551920341393,8.961593172119487,0.6401137980085349,high
3,4,Nicola,41,0.7098150782361309,0.01849217638691323,17.74537695590327,0.46230440967283076,
3,4,Nicola,42,0.8015647226173542,0.01849217638691323,20.039118065433854,0.46230440967283076,med
3,4,Nicola,43,0.9743954480796586,0.020625889046941678,24.359886201991465,0.515647226173542,med
17,7,Nicola,5,0.12731152204836416,0.017780938833570414,3.182788051209104,0.44452347083926036,
17,7,Nicola,7,0.8207681365576103,0.031294452347083924,20.519203413940257,0.7823613086770981,high
17,7,Nicola,8,0.701280227596017,0.017780938833570414,17.532005689900426,0.44452347083926036,med
17,7,Nicola,9,0.9722617354196301,0.031294452347083924,24.30654338549075,0.7823613086770981,med
17,7,Nicola,10,0.2844950213371266,0.029160739687055477,7.112375533428166,0.7290184921763869,med
17,7,Nicola,12,0.5789473684210527,0.014935988620199146,14.473684210526317,0.37339971550497864,low
16,7,Nicola,0,0.6450924608819346,0.034139402560455195,16.127311522048366,0.8534850640113799,high
16,7,Nicola,1,0.4950213371266003,0.017069701280227598,12.375533428165006,0.42674253200568996,high
16,7,Nicola,2,0.8001422475106685,0.03058321479374111,20.003556187766712,0.7645803698435277,med
19,7,Nicola,21,0.7411095305832148,0.014935988620199146,18.52773826458037,0.37339971550497864,med
18,7,Nicola,15,0.2375533428165007,0.020625889046941678,5.938833570412518,0.515647226173542,med
18,7,Nicola,16,0.6507823613086771,0.017780938833570414,16.269559032716927,0.44452347083926036,high
18,7,Nicola,18,0.41251778093883357,0.022048364153627313,10.31294452347084,0.5512091038406828,med
18,7,Nicola,19,0.06330014224751067,0.03911806543385491,1.5825035561877667,0.9779516358463728,high
18,7,Nicola,20,0.7539118065433855,0.04267425320056899,18.84779516358464,1.0668563300142246,low
20,7,Nicola,22,0.5277382645803699,0.032005689900426744,13.193456614509246,0.8001422475106686,high
20,7,Nicola,23,0.615931721194879,0.027738264580369845,15.398293029871976,0.6934566145092461,high
20,7,Nicola,24,0.7453769559032717,0.02275960170697013,18.634423897581794,0.5689900426742532,high
20,7,Nicola,26,0.65149359886202,0.01991465149359886,16.287339971550498,0.4978662873399715,med
20,7,Nicola,27,0.4039829302987198,0.01991465149359886,10.099573257467995,0.4978662873399715,
20,7,Nicola,28,0.27809388335704127,0.021337126600284494,6.952347083926032,0.5334281650071123,med
