img_name,folder,markerType,img_start_seconds,img_end_seconds,marker_loc_secs,marker_loc_samples,marker_relToImg
fig002.png,Sub1,seg,30,59.99609375,7.055749128919861,9486,312
fig002.png,Sub1,seg,30,59.99609375,11.785714285714286,10697,493
fig002.png,Sub1,seg,30,59.99609375,22.8397212543554,13527,916
fig002.png,Sub1,seg,30,59.99609375,24.015679442508713,13828,961
fig002.png,Sub1,seg,30,59.99609375,25.087108013937282,14102,1002
fig002.png,Sub1,seg,30,59.99609375,26.13240418118467,14370,1042
fig002.png,Sub1,seg,30,59.99609375,27.020905923344948,14597,1076
fig002.png,Sub1,seg,30,59.99609375,27.778745644599304,14791,1105
fig002.png,Sub1,seg,30,59.99609375,28.71951219512195,15032,1141
fig002.png,Sub1,seg,30,59.99609375,29.085365853658537,15126,1155
fig002.png,Sub1,seg,30,59.99609375,29.843205574912893,15320,1184
fig002.png,Sub1,seg,30,59.99609375,3.97212543554007,8697,194
fig003.png,Sub1,seg,60,89.99609375,0.47038327526132406,15480,60
fig004.png,Sub1,seg,90,119.99609375,5.2526132404181185,24385,243
fig004.png,Sub1,seg,90,119.99609375,21.37630662020906,28512,860
fig004.png,Sub1,seg,90,119.99609375,23.989547038327526,29181,960
fig005.png,Sub1,seg,120,149.99609375,21.61149825783972,36253,869
fig005.png,Sub1,seg,120,149.99609375,24.95644599303136,37109,997
fig005.png,Sub1,seg,120,149.99609375,25.374564459930316,37216,1013
fig006.png,Sub1,seg,150,179.99609375,2.926829268292683,39149,154
fig006.png,Sub1,seg,150,179.99609375,25.374564459930316,44896,1013
fig007.png,Sub1,seg,180,209.99609375,0.8101045296167247,46287,73
fig007.png,Sub1,seg,180,209.99609375,6.846689895470384,47833,304
fig007.png,Sub1,seg,180,209.99609375,5.566202090592334,47505,255
fig007.png,Sub1,seg,180,209.99609375,4.912891986062718,47338,230
fig007.png,Sub1,seg,180,209.99609375,8.101045296167248,48154,352
fig007.png,Sub1,seg,180,209.99609375,9.015679442508711,48388,387
fig007.png,Sub1,seg,180,209.99609375,12.229965156794425,49211,510
fig007.png,Sub1,seg,180,209.99609375,13.09233449477352,49432,543
fig007.png,Sub1,seg,180,209.99609375,14.137630662020905,49699,583
fig007.png,Sub1,seg,180,209.99609375,19.468641114982578,51064,787
fig007.png,Sub1,seg,180,209.99609375,21.689895470383277,51633,872
fig007.png,Sub1,seg,180,209.99609375,24.66898954703833,52395,986
fig007.png,Sub1,seg,180,209.99609375,22.081881533101047,51733,887
fig007.png,Sub1,seg,180,209.99609375,21.036585365853657,51465,847
fig008.png,Sub1,seg,210,239.99609375,1.4895470383275262,54141,99
fig008.png,Sub1,seg,210,239.99609375,23.38850174216028,59747,937
fig008.png,Sub1,seg,210,239.99609375,27.88327526132404,60898,1109
fig008.png,Sub1,seg,210,239.99609375,26.81184668989547,60624,1068
fig008.png,Sub1,seg,210,239.99609375,29.973867595818817,61433,1189
fig008.png,Sub1,seg,210,239.99609375,25.635888501742162,60323,1023
fig009.png,Sub1,seg,240,269.99609375,0.9668989547038328,61688,79
fig009.png,Sub1,seg,240,269.99609375,2.2473867595818815,62015,128
fig009.png,Sub1,seg,240,269.99609375,1.7508710801393728,61888,109
fig009.png,Sub1,seg,240,269.99609375,27.20383275261324,68404,1083
fig010.png,Sub1,seg,270,299.99609375,3.423344947735192,69996,173
fig010.png,Sub1,seg,270,299.99609375,13.902439024390244,72679,574
fig010.png,Sub1,seg,270,299.99609375,16.56794425087108,73361,676
fig010.png,Sub1,seg,270,299.99609375,25.975609756097562,75770,1036
fig010.png,Sub1,seg,270,299.99609375,5.09581881533101,70425,237
fig010.png,Sub1,seg,270,299.99609375,6.454703832752613,70772,289
fig010.png,Sub1,seg,270,299.99609375,11.890243902439025,72164,497
fig010.png,Sub1,seg,270,299.99609375,13.405923344947736,72552,555
fig010.png,Sub1,seg,270,299.99609375,4.390243902439025,70244,210
fig010.png,Sub1,seg,270,299.99609375,25.139372822299652,75556,1004
fig010.png,Sub1,seg,270,299.99609375,15.653310104529616,73127,641
fig011.png,Sub1,seg,300,329.99609375,27.621951219512194,83871,1099
fig011.png,Sub1,seg,300,329.99609375,25.557491289198605,83343,1020
fig011.png,Sub1,seg,300,329.99609375,26.70731707317073,83637,1064
fig011.png,Sub1,seg,300,329.99609375,26.027874564459932,83463,1038
fig011.png,Sub1,seg,300,329.99609375,13.405923344947736,80232,555
fig011.png,Sub1,seg,300,329.99609375,12.020905923344948,79877,502
fig012.png,Sub1,seg,330,359.99609375,5.2526132404181185,85825,243
fig012.png,Sub1,seg,330,359.99609375,21.872822299651567,90079,879
fig012.png,Sub1,seg,330,359.99609375,15.418118466898955,88427,632
fig013.png,Sub1,seg,360,389.99609375,8.33623693379791,94294,361
fig013.png,Sub1,seg,360,389.99609375,8.858885017421603,94428,381
fig013.png,Sub1,seg,360,389.99609375,10.034843205574912,94729,426
fig013.png,Sub1,seg,360,389.99609375,9.433797909407666,94575,403
fig013.png,Sub1,seg,360,389.99609375,15.287456445993032,96074,627
fig013.png,Sub1,seg,360,389.99609375,20.017421602787458,97284,808
fig013.png,Sub1,seg,360,389.99609375,25.975609756097562,98810,1036
fig013.png,Sub1,seg,360,389.99609375,28.667247386759584,99499,1139
fig013.png,Sub1,seg,360,389.99609375,16.254355400696863,96321,664
fig014.png,Sub1,seg,390,419.99609375,1.8554006968641115,100315,113
fig014.png,Sub1,seg,390,419.99609375,3.3449477351916377,100696,170
fig014.png,Sub1,seg,390,419.99609375,11.210801393728223,102710,471
fig014.png,Sub1,seg,390,419.99609375,13.797909407665506,103372,570
fig014.png,Sub1,seg,390,419.99609375,18.214285714285715,104503,739
fig014.png,Sub1,seg,390,419.99609375,22.60452961672474,105627,907
fig014.png,Sub1,seg,390,419.99609375,21.794425087108014,105419,876
fig014.png,Sub1,seg,390,419.99609375,15.44425087108014,103794,633
fig014.png,Sub1,seg,390,419.99609375,14.111498257839722,103453,582
fig014.png,Sub1,seg,390,419.99609375,2.8745644599303137,100576,152
fig014.png,Sub1,seg,390,419.99609375,16.77700348432056,104135,684
fig014.png,Sub1,seg,390,419.99609375,11.759581881533101,102850,492
fig014.png,Sub1,seg,390,419.99609375,17.665505226480835,104362,718
fig015.png,Sub1,seg,420,449.99609375,0.156794425087108,107560,48
fig015.png,Sub1,seg,420,449.99609375,6.951219512195122,109300,308
fig018.png,Sub1,seg,510,539.99609375,19.15505226480836,135464,775
fig020.png,Sub1,seg,570,599.99609375,9.825783972125436,148435,418
fig020.png,Sub1,seg,570,599.99609375,15.940766550522648,150001,652
fig023.png,Sub1,seg,660,689.99609375,1.5679442508710801,169361,102
fig023.png,Sub1,seg,660,689.99609375,16.071428571428573,173074,657
fig023.png,Sub1,seg,660,689.99609375,21.76829268292683,174533,875
fig023.png,Sub1,seg,660,689.99609375,14.895470383275262,172773,612
fig023.png,Sub1,seg,660,689.99609375,19.416376306620208,173931,785
fig023.png,Sub1,seg,660,689.99609375,20.82752613240418,174292,839
fig023.png,Sub1,seg,660,689.99609375,24.22473867595819,175162,969
fig024.png,Sub1,seg,690,719.99609375,19.416376306620208,181611,785
fig024.png,Sub1,seg,690,719.99609375,20.304878048780488,181838,819
fig024.png,Sub1,seg,690,719.99609375,23.153310104529616,182567,928
fig024.png,Sub1,seg,690,719.99609375,26.890243902439025,183524,1071
fig024.png,Sub1,seg,690,719.99609375,25.322299651567945,183123,1011
fig025.png,Sub1,seg,720,749.99609375,28.249128919860627,191552,1123
fig026.png,Sub1,seg,750,779.99609375,0.9146341463414634,192234,77
fig026.png,Sub1,seg,750,779.99609375,1.5156794425087108,192388,100
fig026.png,Sub1,seg,750,779.99609375,2.3257839721254356,192595,131
fig026.png,Sub1,seg,750,779.99609375,7.682926829268292,193967,336
fig026.png,Sub1,seg,750,779.99609375,17.06445993031359,196369,695
fig026.png,Sub1,seg,750,779.99609375,19.15505226480836,196904,775
fig026.png,Sub1,seg,750,779.99609375,21.37630662020906,197472,860
fig026.png,Sub1,seg,750,779.99609375,22.421602787456447,197740,900
fig026.png,Sub1,seg,750,779.99609375,23.702090592334496,198068,949
fig026.png,Sub1,seg,750,779.99609375,24.45993031358885,198262,978
fig026.png,Sub1,seg,750,779.99609375,25.34843205574913,198489,1012
fig026.png,Sub1,seg,750,779.99609375,26.158536585365855,198697,1043
fig026.png,Sub1,seg,750,779.99609375,26.628919860627178,198817,1061
fig027.png,Sub1,seg,780,809.99609375,9.17247386759582,202028,393
fig030.png,Sub1,seg,870,899.99609375,12.25609756097561,225858,511
fig030.png,Sub1,seg,870,899.99609375,15.339721254355402,226647,629
fig030.png,Sub1,seg,870,899.99609375,18.34494773519164,227416,744
fig030.png,Sub1,seg,870,899.99609375,19.23344947735192,227644,778
fig032.png,Sub1,seg,930,959.99609375,1.0714285714285714,238354,83
fig035.png,Sub1,seg,1020,1049.99609375,23.571428571428573,267154,944
fig035.png,Sub1,seg,1020,1049.99609375,26.445993031358885,267890,1054
fig035.png,Sub1,seg,1020,1049.99609375,28.82404181184669,268499,1145
fig036.png,Sub1,seg,1050,1079.99609375,0.627177700348432,268961,66
fig036.png,Sub1,seg,1050,1079.99609375,1.0452961672473868,269068,82
fig036.png,Sub1,seg,1050,1079.99609375,6.193379790940766,270386,279
fig036.png,Sub1,seg,1050,1079.99609375,7.682926829268292,270767,336
fig036.png,Sub1,seg,1050,1079.99609375,26.158536585365855,275497,1043
fig036.png,Sub1,seg,1050,1079.99609375,28.301393728222997,276045,1125
fig036.png,Sub1,seg,1050,1079.99609375,28.954703832752614,276212,1150
fig037.png,Sub1,seg,1080,1109.99609375,1.3327526132404182,276821,93
fig037.png,Sub1,seg,1080,1109.99609375,3.6324041811846692,277410,181
fig037.png,Sub1,seg,1080,1109.99609375,4.024390243902439,277510,196
fig037.png,Sub1,seg,1080,1109.99609375,4.2334494773519165,277564,204
fig037.png,Sub1,seg,1080,1109.99609375,4.651567944250871,277671,220
fig038.png,Sub1,seg,1110,1139.99609375,18.658536585365855,288937,756
fig038.png,Sub1,seg,1110,1139.99609375,20.278745644599304,289351,818
fig038.png,Sub1,seg,1110,1139.99609375,17.587108013937282,288662,715
fig038.png,Sub1,seg,1110,1139.99609375,18.318815331010452,288850,743
fig038.png,Sub1,seg,1110,1139.99609375,14.21602787456446,287799,586
fig038.png,Sub1,seg,1110,1139.99609375,15.130662020905923,288033,621
fig039.png,Sub1,seg,1140,1169.99609375,21.742160278745644,297406,874
fig039.png,Sub1,seg,1140,1169.99609375,23.72822299651568,297914,950
fig039.png,Sub1,seg,1140,1169.99609375,24.773519163763066,298182,990
fig040.png,Sub1,seg,1170,1199.99609375,2.9006968641114983,300263,153
fig042.png,Sub1,seg,1230,1259.99609375,17.40418118466899,319335,708
fig042.png,Sub1,seg,1230,1259.99609375,21.742160278745644,320446,874
fig042.png,Sub1,seg,1230,1259.99609375,22.682926829268293,320687,910
fig042.png,Sub1,seg,1230,1259.99609375,23.310104529616726,320847,934
fig042.png,Sub1,seg,1230,1259.99609375,23.72822299651568,320954,950
fig042.png,Sub1,seg,1230,1259.99609375,24.747386759581882,321215,989
fig043.png,Sub1,seg,1260,1289.99609375,1.3066202090592334,322894,92
fig043.png,Sub1,seg,1260,1289.99609375,1.8031358885017421,323022,111
fig043.png,Sub1,seg,1260,1289.99609375,3.083623693379791,323349,160
fig043.png,Sub1,seg,1260,1289.99609375,4.024390243902439,323590,196
fig043.png,Sub1,seg,1260,1289.99609375,6.428571428571429,324206,288
fig043.png,Sub1,seg,1260,1289.99609375,6.977351916376307,324346,309
fig043.png,Sub1,seg,1260,1289.99609375,10.740418118466899,325310,453
fig043.png,Sub1,seg,1260,1289.99609375,11.785714285714286,325577,493
fig043.png,Sub1,seg,1260,1289.99609375,12.595818815331011,325785,524
fig043.png,Sub1,seg,1260,1289.99609375,12.203832752613241,325684,509
fig043.png,Sub1,seg,1260,1289.99609375,13.458188153310104,326005,557
fig043.png,Sub1,seg,1260,1289.99609375,18.841463414634145,327383,763
fig043.png,Sub1,seg,1260,1289.99609375,19.337979094076655,327511,782
fig043.png,Sub1,seg,1260,1289.99609375,21.32404181184669,328019,858
fig044.png,Sub1,seg,1290,1319.99609375,18.5801393728223,334997,753
fig044.png,Sub1,seg,1290,1319.99609375,19.102787456445995,335130,773
fig044.png,Sub1,seg,1290,1319.99609375,20.82752613240418,335572,839
fig044.png,Sub1,seg,1290,1319.99609375,22.05574912891986,335886,886
fig044.png,Sub1,seg,1290,1319.99609375,24.45993031358885,336502,978
fig044.png,Sub1,seg,1290,1319.99609375,25.0609756097561,336656,1001
fig044.png,Sub1,seg,1290,1319.99609375,29.26829268292683,337733,1162
fig044.png,Sub1,seg,1290,1319.99609375,29.869337979094077,337887,1185
fig045.png,Sub1,seg,1320,1349.99609375,10.165505226480837,340522,431
fig045.png,Sub1,seg,1320,1349.99609375,10.58362369337979,340629,447
fig045.png,Sub1,seg,1320,1349.99609375,12.883275261324043,341218,535
fig045.png,Sub1,seg,1320,1349.99609375,15,341760,616
fig045.png,Sub1,seg,1320,1349.99609375,16.097560975609756,342041,658
fig045.png,Sub1,seg,1320,1349.99609375,17.926829268292682,342509,728
fig045.png,Sub1,seg,1320,1349.99609375,18.371080139372822,342623,745
fig046.png,Sub1,seg,1350,1379.99609375,25.609756097560975,352156,1022
fig047.png,Sub1,seg,1380,1409.99609375,0.6533101045296167,353447,67
fig047.png,Sub1,seg,1380,1409.99609375,10.113240418118467,355869,429
fig047.png,Sub1,seg,1380,1409.99609375,15.810104529616725,357327,647
fig047.png,Sub1,seg,1380,1409.99609375,27.569686411149828,360338,1097
fig048.png,Sub1,seg,1410,1439.99609375,2.4825783972125435,361596,137
fig001.png,Sub2,seg,0,29.99609375,20.87979094076655,5345,841
fig001.png,Sub2,seg,0,29.99609375,21.533101045296167,5512,866
fig001.png,Sub2,seg,0,29.99609375,22.89198606271777,5860,918
fig001.png,Sub2,seg,0,29.99609375,23.78048780487805,6088,952
fig001.png,Sub2,seg,0,29.99609375,24.303135888501743,6222,972
fig002.png,Sub2,seg,30,59.99609375,4.729965156794425,8891,223
fig002.png,Sub2,seg,30,59.99609375,15.522648083623693,11654,636
fig002.png,Sub2,seg,30,59.99609375,16.17595818815331,11821,661
fig002.png,Sub2,seg,30,59.99609375,21.141114982578397,13092,851
fig002.png,Sub2,seg,30,59.99609375,19.808362369337978,12751,800
fig002.png,Sub2,seg,30,59.99609375,22.10801393728223,13340,888
fig002.png,Sub2,seg,30,59.99609375,23.310104529616726,13647,934
fig002.png,Sub2,seg,30,59.99609375,23.83275261324042,13781,954
fig002.png,Sub2,seg,30,59.99609375,24.381533101045296,13922,975
fig002.png,Sub2,seg,30,59.99609375,24.85191637630662,14042,993
fig002.png,Sub2,seg,30,59.99609375,25.191637630662022,14129,1006
fig002.png,Sub2,seg,30,59.99609375,25.635888501742162,14243,1023
fig002.png,Sub2,seg,30,59.99609375,26.70731707317073,14517,1064
fig002.png,Sub2,seg,30,59.99609375,27.961672473867598,14838,1112
fig002.png,Sub2,seg,30,59.99609375,28.405923344947734,14952,1129
fig002.png,Sub2,seg,30,59.99609375,28.850174216027874,15066,1146
fig002.png,Sub2,seg,30,59.99609375,29.398954703832754,15206,1167
fig002.png,Sub2,seg,30,59.99609375,29.686411149825783,15280,1178
fig003.png,Sub2,seg,60,89.99609375,0.10452961672473868,15387,46
fig003.png,Sub2,seg,60,89.99609375,0.627177700348432,15521,66
fig003.png,Sub2,seg,60,89.99609375,1.019163763066202,15621,81
fig003.png,Sub2,seg,60,89.99609375,6.480836236933798,17019,290
fig003.png,Sub2,seg,60,89.99609375,16.463414634146343,19575,672
fig003.png,Sub2,seg,60,89.99609375,17.325783972125436,19795,705
fig003.png,Sub2,seg,60,89.99609375,19.729965156794425,20411,797
fig003.png,Sub2,seg,60,89.99609375,19.076655052264808,20244,772
fig003.png,Sub2,seg,60,89.99609375,20.48780487804878,20605,826
fig003.png,Sub2,seg,60,89.99609375,21.114982578397214,20765,850
fig003.png,Sub2,seg,60,89.99609375,21.977351916376307,20986,883
fig003.png,Sub2,seg,60,89.99609375,26.001742160278745,22016,1037
fig003.png,Sub2,seg,60,89.99609375,26.4198606271777,22123,1053
fig003.png,Sub2,seg,60,89.99609375,29.189895470383277,22833,1159
fig003.png,Sub2,seg,60,89.99609375,29.790940766550523,22986,1182
fig004.png,Sub2,seg,90,119.99609375,0.3397212543554007,23127,55
fig004.png,Sub2,seg,90,119.99609375,4.390243902439025,24164,210
fig004.png,Sub2,seg,90,119.99609375,2.1951219512195124,23602,126
fig005.png,Sub2,seg,120,149.99609375,0.4442508710801394,30834,59
fig005.png,Sub2,seg,120,149.99609375,0.9930313588850175,30974,80
fig005.png,Sub2,seg,120,149.99609375,2.9529616724738674,31476,155
fig005.png,Sub2,seg,120,149.99609375,4.390243902439025,31844,210
fig005.png,Sub2,seg,120,149.99609375,7.996515679442509,32767,348
fig005.png,Sub2,seg,120,149.99609375,28.066202090592334,37905,1116
fig005.png,Sub2,seg,120,149.99609375,27.621951219512194,37791,1099
fig005.png,Sub2,seg,120,149.99609375,29.843205574912893,38360,1184
fig006.png,Sub2,seg,150,179.99609375,4.520905923344948,39557,215
fig006.png,Sub2,seg,150,179.99609375,7.473867595818816,40313,328
fig006.png,Sub2,seg,150,179.99609375,8.571428571428571,40594,370
fig006.png,Sub2,seg,150,179.99609375,9.538327526132404,40842,407
fig006.png,Sub2,seg,150,179.99609375,3.736933797909408,39357,185
fig006.png,Sub2,seg,150,179.99609375,1.6202090592334495,38815,104
fig006.png,Sub2,seg,150,179.99609375,7.029616724738676,40200,311
fig008.png,Sub2,seg,210,239.99609375,0.9668989547038328,54008,79
fig008.png,Sub2,seg,210,239.99609375,2.273519163763066,54342,129
fig008.png,Sub2,seg,210,239.99609375,22.10801393728223,59420,888
fig008.png,Sub2,seg,210,239.99609375,28.301393728222997,61005,1125
fig008.png,Sub2,seg,210,239.99609375,28.82404181184669,61139,1145
fig009.png,Sub2,seg,240,269.99609375,0.8623693379790941,61661,75
fig009.png,Sub2,seg,240,269.99609375,3.397212543554007,62310,172
fig009.png,Sub2,seg,240,269.99609375,3.8937282229965158,62437,191
fig010.png,Sub2,seg,270,299.99609375,3.083623693379791,69909,160
fig010.png,Sub2,seg,270,299.99609375,9.930313588850174,71662,422
fig010.png,Sub2,seg,270,299.99609375,12.099303135888501,72217,505
fig010.png,Sub2,seg,270,299.99609375,13.353658536585366,72539,553
fig010.png,Sub2,seg,270,299.99609375,13.954703832752614,72692,576
fig010.png,Sub2,seg,270,299.99609375,14.738675958188153,72893,606
fig010.png,Sub2,seg,270,299.99609375,15.156794425087108,73000,622
fig010.png,Sub2,seg,270,299.99609375,16.019163763066203,73221,655
fig010.png,Sub2,seg,270,299.99609375,16.67247386759582,73388,680
fig010.png,Sub2,seg,270,299.99609375,17.038327526132406,73482,694
fig010.png,Sub2,seg,270,299.99609375,20.14808362369338,74278,813
fig010.png,Sub2,seg,270,299.99609375,20.87979094076655,74465,841
fig010.png,Sub2,seg,270,299.99609375,21.350174216027874,74586,859
fig010.png,Sub2,seg,270,299.99609375,21.951219512195124,74740,882
fig010.png,Sub2,seg,270,299.99609375,22.787456445993033,74954,914
fig010.png,Sub2,seg,270,299.99609375,25.11324041811847,75549,1003
fig011.png,Sub2,seg,300,329.99609375,3.5801393728222997,77717,179
fig011.png,Sub2,seg,300,329.99609375,25.29616724738676,83276,1010
fig011.png,Sub2,seg,300,329.99609375,1.8815331010452963,77282,114
fig012.png,Sub2,seg,330,359.99609375,2.848432055749129,85209,151
fig012.png,Sub2,seg,330,359.99609375,8.153310104529616,86567,354
fig012.png,Sub2,seg,330,359.99609375,9.067944250871081,86801,389
fig012.png,Sub2,seg,330,359.99609375,10.68815331010453,87216,451
fig012.png,Sub2,seg,330,359.99609375,11.498257839721255,87424,482
fig012.png,Sub2,seg,330,359.99609375,12.151567944250871,87591,507
fig012.png,Sub2,seg,330,359.99609375,7.290940766550523,86346,321
fig012.png,Sub2,seg,330,359.99609375,9.433797909407666,86895,403
fig012.png,Sub2,seg,330,359.99609375,10.060975609756097,87056,427
fig014.png,Sub2,seg,390,419.99609375,24.041811846689896,105995,962
fig016.png,Sub2,seg,450,479.99609375,9.45993031358885,117622,404
fig016.png,Sub2,seg,450,479.99609375,10.139372822299652,117796,430
fig016.png,Sub2,seg,450,479.99609375,18.318815331010452,119890,743
fig016.png,Sub2,seg,450,479.99609375,18.945993031358885,120050,767
fig016.png,Sub2,seg,450,479.99609375,21.506968641114984,120706,865
fig016.png,Sub2,seg,450,479.99609375,22.55226480836237,120973,905
fig016.png,Sub2,seg,450,479.99609375,20.566202090592334,120465,829
fig017.png,Sub2,seg,480,509.99609375,5.827526132404182,124372,265
fig017.png,Sub2,seg,480,509.99609375,8.885017421602788,125155,382
fig017.png,Sub2,seg,480,509.99609375,9.590592334494774,125335,409
fig017.png,Sub2,seg,480,509.99609375,12.047038327526133,125964,503
fig017.png,Sub2,seg,480,509.99609375,19.2595818815331,127810,779
fig017.png,Sub2,seg,480,509.99609375,22.865853658536587,128734,917
fig017.png,Sub2,seg,480,509.99609375,24.51219512195122,129155,980
fig017.png,Sub2,seg,480,509.99609375,26.393728222996515,129637,1052
fig017.png,Sub2,seg,480,509.99609375,28.745644599303137,130239,1142
fig018.png,Sub2,seg,510,539.99609375,18.501742160278745,135296,750
fig018.png,Sub2,seg,510,539.99609375,18.86759581881533,135390,764
fig019.png,Sub2,seg,540,569.99609375,3.475609756097561,139130,175
fig019.png,Sub2,seg,540,569.99609375,4.520905923344948,139397,215
fig020.png,Sub2,seg,570,599.99609375,3.240418118466899,146750,166
fig020.png,Sub2,seg,570,599.99609375,20.461672473867598,151158,825
fig020.png,Sub2,seg,570,599.99609375,20.853658536585368,151259,840
fig020.png,Sub2,seg,570,599.99609375,19.573170731707318,150931,791
fig021.png,Sub2,seg,600,629.99609375,8.310104529616725,155727,360
fig021.png,Sub2,seg,600,629.99609375,9.277003484320558,155975,397
fig021.png,Sub2,seg,600,629.99609375,11.184668989547038,156463,470
fig021.png,Sub2,seg,600,629.99609375,11.681184668989546,156590,489
fig021.png,Sub2,seg,600,629.99609375,12.857142857142858,156891,534
fig021.png,Sub2,seg,600,629.99609375,13.876306620209059,157152,573
fig021.png,Sub2,seg,600,629.99609375,12.491289198606273,156798,520
fig021.png,Sub2,seg,600,629.99609375,17.221254355400696,158009,701
fig021.png,Sub2,seg,600,629.99609375,18.81533101045296,158417,762
fig021.png,Sub2,seg,600,629.99609375,19.65156794425087,158631,794
fig021.png,Sub2,seg,600,629.99609375,22.99651567944251,159487,922
fig021.png,Sub2,seg,600,629.99609375,23.466898954703833,159608,940
fig021.png,Sub2,seg,600,629.99609375,25.479094076655052,160123,1017
fig021.png,Sub2,seg,600,629.99609375,25.923344947735192,160236,1034
fig021.png,Sub2,seg,600,629.99609375,26.28919860627178,160330,1048
fig021.png,Sub2,seg,600,629.99609375,28.458188153310104,160885,1131
fig021.png,Sub2,seg,600,629.99609375,27.674216027874564,160685,1101
fig021.png,Sub2,seg,600,629.99609375,9.721254355400697,156089,414
fig022.png,Sub2,seg,630,659.99609375,1.6463414634146343,161701,105
fig022.png,Sub2,seg,630,659.99609375,3.710801393728223,162230,184
fig022.png,Sub2,seg,630,659.99609375,4.285714285714286,162377,206
fig022.png,Sub2,seg,630,659.99609375,7.604529616724739,163227,333
fig022.png,Sub2,seg,630,659.99609375,8.466898954703833,163448,366
fig023.png,Sub2,seg,660,689.99609375,1.019163763066202,169221,81
fig024.png,Sub2,seg,690,719.99609375,4.024390243902439,177670,196
fig024.png,Sub2,seg,690,719.99609375,6.846689895470384,178393,304
fig024.png,Sub2,seg,690,719.99609375,20.59233449477352,181912,830
fig024.png,Sub2,seg,690,719.99609375,23.074912891986063,182547,925
fig024.png,Sub2,seg,690,719.99609375,24.015679442508713,182788,961
fig024.png,Sub2,seg,690,719.99609375,27.93554006968641,183791,1111
fig024.png,Sub2,seg,690,719.99609375,28.536585365853657,183945,1134
fig024.png,Sub2,seg,690,719.99609375,29.581881533101047,184213,1174
fig024.png,Sub2,seg,690,719.99609375,29.973867595818817,184313,1189
fig026.png,Sub2,seg,750,779.99609375,1.0714285714285714,192274,83
fig026.png,Sub2,seg,750,779.99609375,29.26829268292683,199493,1162
fig027.png,Sub2,seg,780,809.99609375,3.423344947735192,200556,173
fig027.png,Sub2,seg,780,809.99609375,4.024390243902439,200710,196
fig027.png,Sub2,seg,780,809.99609375,6.585365853658537,201366,294
fig027.png,Sub2,seg,780,809.99609375,21.66376306620209,205226,871
fig027.png,Sub2,seg,780,809.99609375,23.44076655052265,205681,939
fig027.png,Sub2,seg,780,809.99609375,25.50522648083624,206209,1018
fig027.png,Sub2,seg,780,809.99609375,27.778745644599304,206791,1105
fig028.png,Sub2,seg,810,839.99609375,0.8885017421602788,207587,76
fig028.png,Sub2,seg,810,839.99609375,0.20905923344947736,207414,50
fig028.png,Sub2,seg,810,839.99609375,2.221254355400697,207929,127
fig028.png,Sub2,seg,810,839.99609375,1.6202090592334495,207775,104
fig028.png,Sub2,seg,810,839.99609375,3.945993031358885,208370,193
fig028.png,Sub2,seg,810,839.99609375,5.2526132404181185,208705,243
fig028.png,Sub2,seg,810,839.99609375,5.879790940766551,208865,267
fig028.png,Sub2,seg,810,839.99609375,7.2648083623693385,209220,320
fig029.png,Sub2,seg,840,869.99609375,27.20383275261324,222004,1083
fig029.png,Sub2,seg,840,869.99609375,29.398954703832754,222566,1167
fig029.png,Sub2,seg,840,869.99609375,28.04006968641115,222218,1115
fig029.png,Sub2,seg,840,869.99609375,30.078397212543553,222740,1193
fig030.png,Sub2,seg,870,899.99609375,1.9599303135888502,223222,117
fig030.png,Sub2,seg,870,899.99609375,2.4825783972125435,223356,137
fig030.png,Sub2,seg,870,899.99609375,25.29616724738676,229196,1010
fig030.png,Sub2,seg,870,899.99609375,26.001742160278745,229376,1037
fig030.png,Sub2,seg,870,899.99609375,26.968641114982578,229624,1074
fig030.png,Sub2,seg,870,899.99609375,26.445993031358885,229490,1054
fig030.png,Sub2,seg,870,899.99609375,28.71951219512195,230072,1141
fig030.png,Sub2,seg,870,899.99609375,29.242160278745644,230206,1161
fig031.png,Sub2,seg,900,929.99609375,0.2874564459930314,230474,53
fig031.png,Sub2,seg,900,929.99609375,0.5226480836236934,230534,62
fig031.png,Sub2,seg,900,929.99609375,5.853658536585366,231899,266
fig031.png,Sub2,seg,900,929.99609375,10.740418118466899,233150,453
fig031.png,Sub2,seg,900,929.99609375,16.67247386759582,234668,680
fig031.png,Sub2,seg,900,929.99609375,19.54703832752613,235404,790
fig031.png,Sub2,seg,900,929.99609375,18.71080139372822,235190,758
fig031.png,Sub2,seg,900,929.99609375,13.37979094076655,233825,554
fig031.png,Sub2,seg,900,929.99609375,11.655052264808363,233384,488
fig031.png,Sub2,seg,900,929.99609375,9.773519163763066,232902,416
fig031.png,Sub2,seg,900,929.99609375,9.015679442508711,232708,387
fig031.png,Sub2,seg,900,929.99609375,12.909407665505226,233705,536
fig031.png,Sub2,seg,900,929.99609375,16.149825783972126,234534,660
fig031.png,Sub2,seg,900,929.99609375,18.162020905923345,235049,737
fig031.png,Sub2,seg,900,929.99609375,24.094076655052266,236568,964
fig031.png,Sub2,seg,900,929.99609375,25.217770034843205,236856,1007
fig032.png,Sub2,seg,930,959.99609375,20.644599303135887,243365,832
fig032.png,Sub2,seg,930,959.99609375,22.65679442508711,243880,909
fig032.png,Sub2,seg,930,959.99609375,23.179442508710803,244014,929
fig033.png,Sub2,seg,960,989.99609375,5.592334494773519,247192,256
fig033.png,Sub2,seg,960,989.99609375,13.275261324041812,249158,550
fig033.png,Sub2,seg,960,989.99609375,16.071428571428573,249874,657
fig033.png,Sub2,seg,960,989.99609375,19.024390243902438,250630,770
fig033.png,Sub2,seg,960,989.99609375,14.111498257839722,249373,582
fig034.png,Sub2,seg,990,1019.99609375,16.541811846689896,257675,675
fig034.png,Sub2,seg,990,1019.99609375,25.635888501742162,260003,1023
fig035.png,Sub2,seg,1020,1049.99609375,9.041811846689896,263435,388
fig035.png,Sub2,seg,1020,1049.99609375,14.085365853658537,264726,581
fig035.png,Sub2,seg,1020,1049.99609375,16.22822299651568,265274,663
fig035.png,Sub2,seg,1020,1049.99609375,17.926829268292682,265709,728
fig035.png,Sub2,seg,1020,1049.99609375,18.658536585365855,265897,756
fig035.png,Sub2,seg,1020,1049.99609375,19.337979094076655,266071,782
fig035.png,Sub2,seg,1020,1049.99609375,19.886759581881535,266211,803
fig035.png,Sub2,seg,1020,1049.99609375,10.19163763066202,263729,432
fig036.png,Sub2,seg,1050,1079.99609375,3.240418118466899,269630,166
fig036.png,Sub2,seg,1050,1079.99609375,4.547038327526132,269964,216
fig036.png,Sub2,seg,1050,1079.99609375,6.088850174216028,270359,275
fig036.png,Sub2,seg,1050,1079.99609375,8.623693379790941,271008,372
fig036.png,Sub2,seg,1050,1079.99609375,18.423344947735192,273516,747
fig036.png,Sub2,seg,1050,1079.99609375,19.860627177700348,273884,802
fig036.png,Sub2,seg,1050,1079.99609375,20.252613240418118,273985,817
fig037.png,Sub2,seg,1080,1109.99609375,14.189895470383275,280113,585
fig037.png,Sub2,seg,1080,1109.99609375,18.2404181184669,281150,740
fig037.png,Sub2,seg,1080,1109.99609375,17.221254355400696,280889,701
fig038.png,Sub2,seg,1110,1139.99609375,6.114982578397212,285725,276
fig038.png,Sub2,seg,1110,1139.99609375,6.71602787456446,285879,299
fig038.png,Sub2,seg,1110,1139.99609375,11.445993031358885,287090,480
fig038.png,Sub2,seg,1110,1139.99609375,23.127177700348433,290081,927
fig038.png,Sub2,seg,1110,1139.99609375,26.785714285714285,291017,1067
fig040.png,Sub2,seg,1170,1199.99609375,29.21602787456446,306999,1160
fig042.png,Sub2,seg,1230,1259.99609375,25.243902439024392,321342,1008
fig042.png,Sub2,seg,1230,1259.99609375,26.26306620209059,321603,1047
fig043.png,Sub2,seg,1260,1289.99609375,3.6324041811846692,323490,181
fig043.png,Sub2,seg,1260,1289.99609375,4.390243902439025,323684,210
fig001.png,Sub3,seg,0,29.99609375,4.886759581881533,1251,229
fig001.png,Sub3,seg,0,29.99609375,6.219512195121951,1592,280
fig001.png,Sub3,seg,0,29.99609375,7.578397212543554,1940,332
fig001.png,Sub3,seg,0,29.99609375,8.153310104529616,2087,354
fig001.png,Sub3,seg,0,29.99609375,8.493031358885018,2174,367
fig001.png,Sub3,seg,0,29.99609375,5.879790940766551,1505,267
fig001.png,Sub3,seg,0,29.99609375,9.825783972125436,2515,418
fig001.png,Sub3,seg,0,29.99609375,16.149825783972126,4134,660
fig001.png,Sub3,seg,0,29.99609375,16.67247386759582,4268,680
fig001.png,Sub3,seg,0,29.99609375,17.11672473867596,4382,697
fig001.png,Sub3,seg,0,29.99609375,17.743902439024392,4542,721
fig001.png,Sub3,seg,0,29.99609375,18.501742160278745,4736,750
fig002.png,Sub3,seg,30,59.99609375,0.8362369337979094,7894,74
fig002.png,Sub3,seg,30,59.99609375,2.1951219512195124,8242,126
fig002.png,Sub3,seg,30,59.99609375,3.554006968641115,8590,178
fig002.png,Sub3,seg,30,59.99609375,5.331010452961673,9045,246
fig002.png,Sub3,seg,30,59.99609375,8.858885017421603,9948,381
fig002.png,Sub3,seg,30,59.99609375,9.956445993031359,10229,423
fig002.png,Sub3,seg,30,59.99609375,10.452961672473867,10356,442
fig002.png,Sub3,seg,30,59.99609375,11.02787456445993,10503,464
fig002.png,Sub3,seg,30,59.99609375,11.393728222996517,10597,478
fig002.png,Sub3,seg,30,59.99609375,13.745644599303136,11199,568
fig002.png,Sub3,seg,30,59.99609375,15.39198606271777,11620,631
fig002.png,Sub3,seg,30,59.99609375,5.827526132404182,9172,265
fig002.png,Sub3,seg,30,59.99609375,24.27700348432056,13895,971
fig002.png,Sub3,seg,30,59.99609375,27.177700348432055,14637,1082
fig002.png,Sub3,seg,30,59.99609375,26.26306620209059,14403,1047
fig002.png,Sub3,seg,30,59.99609375,28.37979094076655,14945,1128
fig002.png,Sub3,seg,30,59.99609375,24.66898954703833,13995,986
fig002.png,Sub3,seg,30,59.99609375,21.8205574912892,13266,877
fig003.png,Sub3,seg,60,89.99609375,18.34494773519164,20056,744
fig003.png,Sub3,seg,60,89.99609375,19.024390243902438,20230,770
fig003.png,Sub3,seg,60,89.99609375,20.09581881533101,20505,811
fig003.png,Sub3,seg,60,89.99609375,21.689895470383277,20913,872
fig003.png,Sub3,seg,60,89.99609375,22.65679442508711,21160,909
fig003.png,Sub3,seg,60,89.99609375,23.78048780487805,21448,952
fig003.png,Sub3,seg,60,89.99609375,24.930313588850176,21742,996
fig003.png,Sub3,seg,60,89.99609375,25.426829268292682,21869,1015
fig003.png,Sub3,seg,60,89.99609375,26.47212543554007,22137,1055
fig003.png,Sub3,seg,60,89.99609375,27.59581881533101,22425,1098
fig003.png,Sub3,seg,60,89.99609375,29.033101045296167,22792,1153
fig003.png,Sub3,seg,60,89.99609375,20.59233449477352,20632,830
fig003.png,Sub3,seg,60,89.99609375,17.639372822299652,19876,717
fig003.png,Sub3,seg,60,89.99609375,13.614982578397212,18845,563
fig004.png,Sub3,seg,90,119.99609375,1.2804878048780488,23368,91
fig004.png,Sub3,seg,90,119.99609375,1.7770034843205575,23495,110
fig006.png,Sub3,seg,150,179.99609375,8.911149825783973,40681,383
fig010.png,Sub3,seg,270,299.99609375,9.067944250871081,71441,389
fig010.png,Sub3,seg,270,299.99609375,12.360627177700348,72284,515
fig010.png,Sub3,seg,270,299.99609375,12.987804878048781,72445,539
fig010.png,Sub3,seg,270,299.99609375,19.520905923344948,74117,789
fig010.png,Sub3,seg,270,299.99609375,20.722996515679444,74425,835
fig010.png,Sub3,seg,270,299.99609375,21.8205574912892,74706,877
fig010.png,Sub3,seg,270,299.99609375,26.70731707317073,75957,1064
fig010.png,Sub3,seg,270,299.99609375,27.412891986062718,76138,1091
fig010.png,Sub3,seg,270,299.99609375,29.764808362369337,76740,1181
fig011.png,Sub3,seg,300,329.99609375,0.05226480836236934,76813,44
fig011.png,Sub3,seg,300,329.99609375,0.627177700348432,76961,66
fig011.png,Sub3,seg,300,329.99609375,1.2804878048780488,77128,91
fig011.png,Sub3,seg,300,329.99609375,1.6724738675958188,77228,106
fig011.png,Sub3,seg,300,329.99609375,3.0313588850174216,77576,158
fig011.png,Sub3,seg,300,329.99609375,2.4825783972125435,77436,137
fig011.png,Sub3,seg,300,329.99609375,3.3449477351916377,77656,170
fig011.png,Sub3,seg,300,329.99609375,3.736933797909408,77757,185
fig011.png,Sub3,seg,300,329.99609375,3.9982578397212545,77824,195
fig011.png,Sub3,seg,300,329.99609375,4.651567944250871,77991,220
fig011.png,Sub3,seg,300,329.99609375,5.304878048780488,78158,245
fig011.png,Sub3,seg,300,329.99609375,5.775261324041812,78278,263
fig011.png,Sub3,seg,300,329.99609375,7.2648083623693385,78660,320
fig011.png,Sub3,seg,300,329.99609375,7.94425087108014,78834,346
fig011.png,Sub3,seg,300,329.99609375,10.505226480836237,79489,444
fig011.png,Sub3,seg,300,329.99609375,10.792682926829269,79563,455
fig011.png,Sub3,seg,300,329.99609375,11.550522648083623,79757,484
fig011.png,Sub3,seg,300,329.99609375,12.30836236933798,79951,513
fig011.png,Sub3,seg,300,329.99609375,12.595818815331011,80025,524
fig011.png,Sub3,seg,300,329.99609375,13.04006968641115,80138,541
fig011.png,Sub3,seg,300,329.99609375,13.588850174216027,80279,562
fig011.png,Sub3,seg,300,329.99609375,14.085365853658537,80406,581
fig011.png,Sub3,seg,300,329.99609375,15.418118466898955,80747,632
fig011.png,Sub3,seg,300,329.99609375,16.33275261324042,80981,667
fig011.png,Sub3,seg,300,329.99609375,19.54703832752613,81804,790
fig011.png,Sub3,seg,300,329.99609375,30,84480,1190
fig011.png,Sub3,seg,300,329.99609375,17.299651567944252,81229,704
fig011.png,Sub3,seg,300,329.99609375,18.318815331010452,81490,743
fig012.png,Sub3,seg,330,359.99609375,1.9599303135888502,84982,117
fig012.png,Sub3,seg,330,359.99609375,4.442508710801394,85617,212
fig012.png,Sub3,seg,330,359.99609375,5.043554006968641,85771,235
fig012.png,Sub3,seg,330,359.99609375,7.081881533101045,86293,313
fig012.png,Sub3,seg,330,359.99609375,9.381533101045296,86882,401
fig012.png,Sub3,seg,330,359.99609375,10.609756097560975,87196,448
fig012.png,Sub3,seg,330,359.99609375,12.360627177700348,87644,515
fig012.png,Sub3,seg,330,359.99609375,14.6602787456446,88233,603
fig012.png,Sub3,seg,330,359.99609375,16.33275261324042,88661,667
fig012.png,Sub3,seg,330,359.99609375,16.95993031358885,88822,691
fig012.png,Sub3,seg,330,359.99609375,17.587108013937282,88982,715
fig012.png,Sub3,seg,330,359.99609375,18.34494773519164,89176,744
fig012.png,Sub3,seg,330,359.99609375,20.722996515679444,89785,835
fig012.png,Sub3,seg,330,359.99609375,21.898954703832754,90086,880
fig012.png,Sub3,seg,330,359.99609375,22.5,90240,903
fig012.png,Sub3,seg,330,359.99609375,23.649825783972126,90534,947
fig012.png,Sub3,seg,330,359.99609375,24.094076655052266,90648,964
fig012.png,Sub3,seg,330,359.99609375,24.45993031358885,90742,978
fig012.png,Sub3,seg,330,359.99609375,25.635888501742162,91043,1023
fig012.png,Sub3,seg,330,359.99609375,26.001742160278745,91136,1037
fig012.png,Sub3,seg,330,359.99609375,26.28919860627178,91210,1048
fig012.png,Sub3,seg,330,359.99609375,26.73344947735192,91324,1065
fig012.png,Sub3,seg,330,359.99609375,27.125435540069688,91424,1080
fig012.png,Sub3,seg,330,359.99609375,27.54355400696864,91531,1096
fig012.png,Sub3,seg,330,359.99609375,28.405923344947734,91752,1129
fig012.png,Sub3,seg,330,359.99609375,29.059233449477354,91919,1154
fig012.png,Sub3,seg,330,359.99609375,29.764808362369337,92100,1181
fig012.png,Sub3,seg,330,359.99609375,6.010452961672474,86019,272
fig012.png,Sub3,seg,330,359.99609375,7.918118466898955,86507,345
fig013.png,Sub3,seg,360,389.99609375,1.9337979094076656,92655,116
fig013.png,Sub3,seg,360,389.99609375,0.13066202090592335,92193,47
fig013.png,Sub3,seg,360,389.99609375,0.47038327526132406,92280,60
fig013.png,Sub3,seg,360,389.99609375,0.8101045296167247,92367,73
fig013.png,Sub3,seg,360,389.99609375,2.1167247386759582,92702,123
fig013.png,Sub3,seg,360,389.99609375,2.6655052264808363,92842,144
fig013.png,Sub3,seg,360,389.99609375,3.6062717770034842,93083,180
fig013.png,Sub3,seg,360,389.99609375,4.2073170731707314,93237,203
fig013.png,Sub3,seg,360,389.99609375,4.599303135888502,93337,218
fig013.png,Sub3,seg,360,389.99609375,5.644599303135888,93605,258
fig013.png,Sub3,seg,360,389.99609375,6.010452961672474,93699,272
fig013.png,Sub3,seg,360,389.99609375,6.2979094076655056,93772,283
fig013.png,Sub3,seg,360,389.99609375,6.925087108013938,93933,307
fig013.png,Sub3,seg,360,389.99609375,7.526132404181185,94087,330
fig013.png,Sub3,seg,360,389.99609375,8.858885017421603,94428,381
fig013.png,Sub3,seg,360,389.99609375,9.512195121951219,94595,406
fig013.png,Sub3,seg,360,389.99609375,9.79965156794425,94669,417
fig013.png,Sub3,seg,360,389.99609375,10.24390243902439,94782,434
fig014.png,Sub3,seg,390,419.99609375,11.733449477351916,102844,491
fig014.png,Sub3,seg,390,419.99609375,12.412891986062718,103018,517
fig014.png,Sub3,seg,390,419.99609375,13.536585365853659,103305,560
fig014.png,Sub3,seg,390,419.99609375,14.059233449477352,103439,580
fig014.png,Sub3,seg,390,419.99609375,15.104529616724738,103707,620
fig014.png,Sub3,seg,390,419.99609375,15.653310104529616,103847,641
fig014.png,Sub3,seg,390,419.99609375,16.097560975609756,103961,658
fig014.png,Sub3,seg,390,419.99609375,16.72473867595819,104122,682
fig014.png,Sub3,seg,390,419.99609375,17.299651567944252,104269,704
fig014.png,Sub3,seg,390,419.99609375,17.665505226480835,104362,718
fig014.png,Sub3,seg,390,419.99609375,18.057491289198605,104463,733
fig014.png,Sub3,seg,390,419.99609375,18.606271777003485,104603,754
fig014.png,Sub3,seg,390,419.99609375,19.15505226480836,104744,775
fig014.png,Sub3,seg,390,419.99609375,19.677700348432055,104877,795
fig014.png,Sub3,seg,390,419.99609375,21.742160278745644,105406,874
fig014.png,Sub3,seg,390,419.99609375,22.343205574912893,105560,897
fig014.png,Sub3,seg,390,419.99609375,22.865853658536587,105694,917
fig014.png,Sub3,seg,390,419.99609375,24.094076655052266,106008,964
fig014.png,Sub3,seg,390,419.99609375,24.590592334494772,106135,983
fig014.png,Sub3,seg,390,419.99609375,25.0609756097561,106256,1001
fig014.png,Sub3,seg,390,419.99609375,26.0801393728223,106517,1040
fig014.png,Sub3,seg,390,419.99609375,27.569686411149828,106898,1097
fig014.png,Sub3,seg,390,419.99609375,28.37979094076655,107105,1128
fig014.png,Sub3,seg,390,419.99609375,29.581881533101047,107413,1174
fig014.png,Sub3,seg,390,419.99609375,26.968641114982578,106744,1074
fig014.png,Sub3,seg,390,419.99609375,25.583623693379792,106389,1021
fig015.png,Sub3,seg,420,449.99609375,0.5226480836236934,107654,62
fig015.png,Sub3,seg,420,449.99609375,1.4372822299651569,107888,97
fig015.png,Sub3,seg,420,449.99609375,3.423344947735192,108396,173
fig015.png,Sub3,seg,420,449.99609375,2.6132404181184667,108189,142
fig015.png,Sub3,seg,420,449.99609375,3.9198606271777003,108523,192
fig015.png,Sub3,seg,420,449.99609375,6.32404181184669,109139,284
fig015.png,Sub3,seg,420,449.99609375,7.552264808362369,109453,331
fig015.png,Sub3,seg,420,449.99609375,8.72822299651568,109754,376
fig015.png,Sub3,seg,420,449.99609375,12.099303135888501,110617,505
fig015.png,Sub3,seg,420,449.99609375,13.09233449477352,110872,543
fig015.png,Sub3,seg,420,449.99609375,13.562717770034844,110992,561
fig015.png,Sub3,seg,420,449.99609375,14.242160278745645,111166,587
fig015.png,Sub3,seg,420,449.99609375,15.182926829268293,111407,623
fig015.png,Sub3,seg,420,449.99609375,15.548780487804878,111500,637
fig015.png,Sub3,seg,420,449.99609375,15.914634146341463,111594,651
fig015.png,Sub3,seg,420,449.99609375,17.090592334494772,111895,696
fig015.png,Sub3,seg,420,449.99609375,17.95296167247387,112116,729
fig015.png,Sub3,seg,420,449.99609375,20.278745644599304,112711,818
fig015.png,Sub3,seg,420,449.99609375,20.853658536585368,112859,840
fig015.png,Sub3,seg,420,449.99609375,21.533101045296167,113032,866
fig015.png,Sub3,seg,420,449.99609375,21.193379790940767,112946,853
fig015.png,Sub3,seg,420,449.99609375,22.39547038327526,113253,899
fig015.png,Sub3,seg,420,449.99609375,23.911149825783973,113641,957
fig015.png,Sub3,seg,420,449.99609375,24.799651567944252,113869,991
fig015.png,Sub3,seg,420,449.99609375,25.714285714285715,114103,1026
fig015.png,Sub3,seg,420,449.99609375,26.36759581881533,114270,1051
fig015.png,Sub3,seg,420,449.99609375,27.15156794425087,114471,1081
fig015.png,Sub3,seg,420,449.99609375,27.93554006968641,114671,1111
fig015.png,Sub3,seg,420,449.99609375,28.48432055749129,114812,1132
fig015.png,Sub3,seg,420,449.99609375,29.895470383275264,115173,1186
fig016.png,Sub3,seg,450,479.99609375,0.5226480836236934,115334,62
fig016.png,Sub3,seg,450,479.99609375,1.7247386759581882,115642,108
fig016.png,Sub3,seg,450,479.99609375,2.770034843205575,115909,148
fig016.png,Sub3,seg,450,479.99609375,3.6062717770034842,116123,180
fig016.png,Sub3,seg,450,479.99609375,4.677700348432055,116397,221
fig016.png,Sub3,seg,450,479.99609375,4.965156794425087,116471,232
fig016.png,Sub3,seg,450,479.99609375,5.409407665505227,116585,249
fig016.png,Sub3,seg,450,479.99609375,6.010452961672474,116739,272
fig016.png,Sub3,seg,450,479.99609375,6.454703832752613,116852,289
fig016.png,Sub3,seg,450,479.99609375,7.134146341463414,117026,315
fig016.png,Sub3,seg,450,479.99609375,7.709059233449477,117174,337
fig016.png,Sub3,seg,450,479.99609375,8.257839721254356,117314,358
fig016.png,Sub3,seg,450,479.99609375,8.832752613240418,117461,380
fig016.png,Sub3,seg,450,479.99609375,9.067944250871081,117521,389
fig016.png,Sub3,seg,450,479.99609375,9.642857142857142,117669,411
fig016.png,Sub3,seg,450,479.99609375,11.001742160278745,118016,463
fig016.png,Sub3,seg,450,479.99609375,11.52439024390244,118150,483
fig016.png,Sub3,seg,450,479.99609375,11.86411149825784,118237,496
fig016.png,Sub3,seg,450,479.99609375,13.066202090592334,118545,542
fig016.png,Sub3,seg,450,479.99609375,16.803135888501743,119502,685
fig016.png,Sub3,seg,450,479.99609375,19.75609756097561,120258,798
fig017.png,Sub3,seg,480,509.99609375,7.029616724738676,124680,311
fig017.png,Sub3,seg,480,509.99609375,8.571428571428571,125074,370
fig017.png,Sub3,seg,480,509.99609375,9.015679442508711,125188,387
fig017.png,Sub3,seg,480,509.99609375,11.158536585365853,125737,469
fig017.png,Sub3,seg,480,509.99609375,11.576655052264808,125844,485
fig017.png,Sub3,seg,480,509.99609375,13.562717770034844,126352,561
fig017.png,Sub3,seg,480,509.99609375,15.574912891986063,126867,638
fig017.png,Sub3,seg,480,509.99609375,17.038327526132406,127242,694
fig017.png,Sub3,seg,480,509.99609375,18.97212543554007,127737,768
fig017.png,Sub3,seg,480,509.99609375,19.9390243902439,127984,805
fig017.png,Sub3,seg,480,509.99609375,20.48780487804878,128125,826
fig017.png,Sub3,seg,480,509.99609375,23.911149825783973,129001,957
fig017.png,Sub3,seg,480,509.99609375,28.536585365853657,130185,1134
fig017.png,Sub3,seg,480,509.99609375,28.641114982578397,130212,1138
fig017.png,Sub3,seg,480,509.99609375,29.085365853658537,130326,1155
fig017.png,Sub3,seg,480,509.99609375,29.634146341463413,130466,1176
fig017.png,Sub3,seg,480,509.99609375,30.026132404181187,130567,1191
fig017.png,Sub3,seg,480,509.99609375,21.114982578397214,128285,850
fig017.png,Sub3,seg,480,509.99609375,13.928571428571429,126446,575
fig018.png,Sub3,seg,510,539.99609375,0.705574912891986,130741,69
fig018.png,Sub3,seg,510,539.99609375,1.4372822299651569,130928,97
fig018.png,Sub3,seg,510,539.99609375,2.0121951219512195,131075,119
fig018.png,Sub3,seg,510,539.99609375,2.822299651567944,131283,150
fig018.png,Sub3,seg,510,539.99609375,3.2926829268292686,131403,168
fig018.png,Sub3,seg,510,539.99609375,0.13066202090592335,130593,47
fig018.png,Sub3,seg,510,539.99609375,6.114982578397212,132125,276
fig018.png,Sub3,seg,510,539.99609375,8.179442508710801,132654,355
fig018.png,Sub3,seg,510,539.99609375,11.91637630662021,133611,498
fig018.png,Sub3,seg,510,539.99609375,14.372822299651569,134239,592
fig018.png,Sub3,seg,510,539.99609375,13.980836236933799,134139,577
fig018.png,Sub3,seg,510,539.99609375,15.993031358885018,134654,654
fig018.png,Sub3,seg,510,539.99609375,18.68466898954704,135343,757
fig018.png,Sub3,seg,510,539.99609375,19.416376306620208,135531,785
fig018.png,Sub3,seg,510,539.99609375,20.20034843205575,135731,815
fig018.png,Sub3,seg,510,539.99609375,20.670731707317074,135852,833
fig018.png,Sub3,seg,510,539.99609375,21.297909407665507,136012,857
fig018.png,Sub3,seg,510,539.99609375,26.445993031358885,137330,1054
fig018.png,Sub3,seg,510,539.99609375,27.778745644599304,137671,1105
fig018.png,Sub3,seg,510,539.99609375,28.405923344947734,137832,1129
fig019.png,Sub3,seg,540,569.99609375,0.2613240418118467,138307,52
fig019.png,Sub3,seg,540,569.99609375,2.456445993031359,138869,136
fig019.png,Sub3,seg,540,569.99609375,2.9529616724738674,138996,155
fig019.png,Sub3,seg,540,569.99609375,3.318815331010453,139090,169
fig019.png,Sub3,seg,540,569.99609375,4.076655052264808,139284,198
fig019.png,Sub3,seg,540,569.99609375,9.982578397212544,140796,424
fig019.png,Sub3,seg,540,569.99609375,11.655052264808363,141224,488
fig019.png,Sub3,seg,540,569.99609375,15.235191637630662,142140,625
fig019.png,Sub3,seg,540,569.99609375,16.202090592334496,142388,662
fig019.png,Sub3,seg,540,569.99609375,17.639372822299652,142756,717
fig019.png,Sub3,seg,540,569.99609375,21.114982578397214,143645,850
fig019.png,Sub3,seg,540,569.99609375,23.38850174216028,144227,937
fig019.png,Sub3,seg,540,569.99609375,22.55226480836237,144013,905
fig019.png,Sub3,seg,540,569.99609375,21.898954703832754,143846,880
fig019.png,Sub3,seg,540,569.99609375,13.614982578397212,141725,563
fig020.png,Sub3,seg,570,599.99609375,1.7508710801393728,146368,109
fig020.png,Sub3,seg,570,599.99609375,2.7439024390243905,146622,147
fig020.png,Sub3,seg,570,599.99609375,25.50522648083624,152449,1018
fig020.png,Sub3,seg,570,599.99609375,27.909407665505228,153065,1110
fig020.png,Sub3,seg,570,599.99609375,19.442508710801395,150897,786
fig021.png,Sub3,seg,600,629.99609375,2.7177700348432055,154296,146
fig021.png,Sub3,seg,600,629.99609375,3.0313588850174216,154376,158
fig021.png,Sub3,seg,600,629.99609375,4.102787456445993,154650,199
fig021.png,Sub3,seg,600,629.99609375,4.834494773519164,154838,227
fig021.png,Sub3,seg,600,629.99609375,5.435540069686411,154991,250
fig021.png,Sub3,seg,600,629.99609375,7.7874564459930316,155594,340
fig021.png,Sub3,seg,600,629.99609375,8.153310104529616,155687,354
fig021.png,Sub3,seg,600,629.99609375,9.17247386759582,155948,393
fig021.png,Sub3,seg,600,629.99609375,12.177700348432056,156717,508
fig021.png,Sub3,seg,600,629.99609375,19.9390243902439,158704,805
fig021.png,Sub3,seg,600,629.99609375,13.82404181184669,157139,571
fig021.png,Sub3,seg,600,629.99609375,22.787456445993033,159434,914
fig021.png,Sub3,seg,600,629.99609375,23.179442508710803,159534,929
fig021.png,Sub3,seg,600,629.99609375,22.39547038327526,159333,899
fig021.png,Sub3,seg,600,629.99609375,24.27700348432056,159815,971
fig021.png,Sub3,seg,600,629.99609375,24.721254355400696,159929,988
fig021.png,Sub3,seg,600,629.99609375,21.42857142857143,159086,862
fig022.png,Sub3,seg,630,659.99609375,0.4442508710801394,161394,59
fig022.png,Sub3,seg,630,659.99609375,2.273519163763066,161862,129
fig022.png,Sub3,seg,630,659.99609375,3.6062717770034842,162203,180
fig022.png,Sub3,seg,630,659.99609375,4.7560975609756095,162498,224
fig022.png,Sub3,seg,630,659.99609375,5.618466898954704,162718,257
fig022.png,Sub3,seg,630,659.99609375,6.506968641114983,162946,291
fig022.png,Sub3,seg,630,659.99609375,7.630662020905923,163233,334
fig022.png,Sub3,seg,630,659.99609375,1.6463414634146343,161701,105
fig022.png,Sub3,seg,630,659.99609375,8.649825783972126,163494,373
fig022.png,Sub3,seg,630,659.99609375,4.2334494773519165,162364,204
fig022.png,Sub3,seg,630,659.99609375,9.224738675958188,163642,395
fig022.png,Sub3,seg,630,659.99609375,9.512195121951219,163715,406
fig022.png,Sub3,seg,630,659.99609375,11.106271777003485,164123,467
fig022.png,Sub3,seg,630,659.99609375,11.86411149825784,164317,496
fig022.png,Sub3,seg,630,659.99609375,13.928571428571429,164846,575
fig022.png,Sub3,seg,630,659.99609375,14.425087108013937,164973,594
fig022.png,Sub3,seg,630,659.99609375,15,165120,616
fig022.png,Sub3,seg,630,659.99609375,15.627177700348433,165281,640
fig022.png,Sub3,seg,630,659.99609375,16.803135888501743,165582,685
fig022.png,Sub3,seg,630,659.99609375,17.16898954703833,165675,699
fig022.png,Sub3,seg,630,659.99609375,17.717770034843205,165816,720
fig022.png,Sub3,seg,630,659.99609375,18.318815331010452,165970,743
fig022.png,Sub3,seg,630,659.99609375,19.024390243902438,166150,770
fig022.png,Sub3,seg,630,659.99609375,19.54703832752613,166284,790
fig022.png,Sub3,seg,630,659.99609375,20.43554006968641,166511,824
fig022.png,Sub3,seg,630,659.99609375,22.343205574912893,167000,897
fig022.png,Sub3,seg,630,659.99609375,23.04878048780488,167180,924
fig022.png,Sub3,seg,630,659.99609375,23.702090592334496,167348,949
fig022.png,Sub3,seg,630,659.99609375,25.557491289198605,167823,1020
fig022.png,Sub3,seg,630,659.99609375,26.158536585365855,167977,1043
fig022.png,Sub3,seg,630,659.99609375,26.890243902439025,168164,1071
fig022.png,Sub3,seg,630,659.99609375,28.353658536585368,168539,1127
fig022.png,Sub3,seg,630,659.99609375,27.88327526132404,168418,1109
fig024.png,Sub3,seg,690,719.99609375,15.130662020905923,180513,621
fig024.png,Sub3,seg,690,719.99609375,15.548780487804878,180620,637
fig024.png,Sub3,seg,690,719.99609375,16.463414634146343,180855,672
fig024.png,Sub3,seg,690,719.99609375,17.06445993031359,181009,695
fig024.png,Sub3,seg,690,719.99609375,19.128919860627178,181537,774
fig024.png,Sub3,seg,690,719.99609375,19.70383275261324,181684,796
fig025.png,Sub3,seg,720,749.99609375,20.59233449477352,189592,830
fig025.png,Sub3,seg,720,749.99609375,20.93205574912892,189679,843
fig025.png,Sub3,seg,720,749.99609375,23.649825783972126,190374,947
fig025.png,Sub3,seg,720,749.99609375,24.538327526132406,190602,981
fig025.png,Sub3,seg,720,749.99609375,25.139372822299652,190756,1004
fig025.png,Sub3,seg,720,749.99609375,25.949477351916375,190963,1035
fig025.png,Sub3,seg,720,749.99609375,26.81184668989547,191184,1068
fig025.png,Sub3,seg,720,749.99609375,27.778745644599304,191431,1105
fig025.png,Sub3,seg,720,749.99609375,28.43205574912892,191599,1130
fig025.png,Sub3,seg,720,749.99609375,27.282229965156795,191304,1086
fig026.png,Sub3,seg,750,779.99609375,3.841463414634146,192983,189
fig026.png,Sub3,seg,750,779.99609375,4.599303135888502,193177,218
fig026.png,Sub3,seg,750,779.99609375,5.331010452961673,193365,246
fig026.png,Sub3,seg,750,779.99609375,5.879790940766551,193505,267
fig026.png,Sub3,seg,750,779.99609375,6.585365853658537,193686,294
fig026.png,Sub3,seg,750,779.99609375,7.709059233449477,193974,337
fig026.png,Sub3,seg,750,779.99609375,8.101045296167248,194074,352
fig026.png,Sub3,seg,750,779.99609375,8.545296167247386,194188,369
fig026.png,Sub3,seg,750,779.99609375,14.085365853658537,195606,581
fig026.png,Sub3,seg,750,779.99609375,15.287456445993032,195914,627
fig026.png,Sub3,seg,750,779.99609375,13.196864111498257,195378,547
fig026.png,Sub3,seg,750,779.99609375,10.348432055749129,194649,438
fig026.png,Sub3,seg,750,779.99609375,19.31184668989547,196944,781
fig026.png,Sub3,seg,750,779.99609375,26.994773519163765,198911,1075
fig026.png,Sub3,seg,750,779.99609375,29.686411149825783,199600,1178
fig026.png,Sub3,seg,750,779.99609375,27.64808362369338,199078,1100
fig027.png,Sub3,seg,780,809.99609375,1.8031358885017421,200142,111
fig027.png,Sub3,seg,780,809.99609375,6.611498257839721,201373,295
fig003.png,Sub4,seg,60,89.99609375,16.463414634146343,19575,672
fig003.png,Sub4,seg,60,89.99609375,17.378048780487806,19809,707
fig003.png,Sub4,seg,60,89.99609375,18.2404181184669,20030,740
fig003.png,Sub4,seg,60,89.99609375,19.416376306620208,20331,785
fig003.png,Sub4,seg,60,89.99609375,20.48780487804878,20605,826
fig003.png,Sub4,seg,60,89.99609375,20.853658536585368,20699,840
fig004.png,Sub4,seg,90,119.99609375,16.071428571428573,27154,657
fig004.png,Sub4,seg,90,119.99609375,17.743902439024392,27582,721
fig004.png,Sub4,seg,90,119.99609375,18.109756097560975,27676,735
fig004.png,Sub4,seg,90,119.99609375,14.712543554006968,26806,605
fig005.png,Sub4,seg,120,149.99609375,15.156794425087108,34600,622
fig005.png,Sub4,seg,120,149.99609375,19.050522648083625,35597,771
fig005.png,Sub4,seg,120,149.99609375,19.625435540069688,35744,793
fig005.png,Sub4,seg,120,149.99609375,20.670731707317074,36012,833
fig005.png,Sub4,seg,120,149.99609375,21.977351916376307,36346,883
fig005.png,Sub4,seg,120,149.99609375,27.70034843205575,37811,1102
fig006.png,Sub4,seg,150,179.99609375,5.2264808362369335,39738,242
fig006.png,Sub4,seg,150,179.99609375,22.94425087108014,44274,920
fig006.png,Sub4,seg,150,179.99609375,25.89721254355401,45030,1033
fig006.png,Sub4,seg,150,179.99609375,26.628919860627178,45217,1061
fig006.png,Sub4,seg,150,179.99609375,27.831010452961674,45525,1107
fig006.png,Sub4,seg,150,179.99609375,29.94773519163763,46067,1188
fig007.png,Sub4,seg,180,209.99609375,0.7839721254355401,46281,72
fig007.png,Sub4,seg,180,209.99609375,0.3397212543554007,46167,55
fig007.png,Sub4,seg,180,209.99609375,1.6202090592334495,46495,104
fig010.png,Sub4,seg,270,299.99609375,13.82404181184669,72659,571
fig010.png,Sub4,seg,270,299.99609375,17.221254355400696,73529,701
fig014.png,Sub4,seg,390,419.99609375,15.365853658536585,103774,630
fig025.png,Sub4,seg,720,749.99609375,10.63588850174216,187043,449
fig025.png,Sub4,seg,720,749.99609375,11.576655052264808,187284,485
fig025.png,Sub4,seg,720,749.99609375,12.439024390243903,187504,518
fig025.png,Sub4,seg,720,749.99609375,13.301393728222997,187725,551
fig025.png,Sub4,seg,720,749.99609375,25.818815331010452,190930,1030
fig025.png,Sub4,seg,720,749.99609375,29.346689895470384,191833,1165
fig025.png,Sub4,seg,720,749.99609375,26.28919860627178,191050,1048
fig025.png,Sub4,seg,720,749.99609375,14.398954703832754,188006,593
fig034.png,Sub4,seg,990,1019.99609375,11.968641114982578,256504,500
fig034.png,Sub4,seg,990,1019.99609375,13.458188153310104,256885,557
fig034.png,Sub4,seg,990,1019.99609375,16.933797909407666,257775,690
fig034.png,Sub4,seg,990,1019.99609375,14.398954703832754,257126,593
fig034.png,Sub4,seg,990,1019.99609375,12.517421602787456,256644,521
fig035.png,Sub4,seg,1020,1049.99609375,5.069686411149826,262418,236
fig035.png,Sub4,seg,1020,1049.99609375,5.54006968641115,262538,254
fig035.png,Sub4,seg,1020,1049.99609375,6.7421602787456445,262846,300
fig038.png,Sub4,seg,1110,1139.99609375,14.451219512195122,287860,595
fig039.png,Sub4,seg,1140,1169.99609375,7.526132404181185,293767,330
fig039.png,Sub4,seg,1140,1169.99609375,21.297909407665507,297292,857
fig043.png,Sub4,seg,1260,1289.99609375,19.99128919860627,327678,807
fig043.png,Sub4,seg,1260,1289.99609375,20.87979094076655,327905,841
fig043.png,Sub4,seg,1260,1289.99609375,22.029616724738677,328200,885
fig043.png,Sub4,seg,1260,1289.99609375,22.65679442508711,328360,909
fig043.png,Sub4,seg,1260,1289.99609375,23.23170731707317,328507,931
fig043.png,Sub4,seg,1260,1289.99609375,23.545296167247386,328588,943
fig043.png,Sub4,seg,1260,1289.99609375,24.303135888501743,328782,972
fig043.png,Sub4,seg,1260,1289.99609375,24.95644599303136,328949,997
fig043.png,Sub4,seg,1260,1289.99609375,25.68815331010453,329136,1025
fig043.png,Sub4,seg,1260,1289.99609375,18.841463414634145,327383,763
fig044.png,Sub4,seg,1290,1319.99609375,17.06445993031359,334609,695
fig044.png,Sub4,seg,1290,1319.99609375,16.385017421602786,334435,669
fig044.png,Sub4,seg,1290,1319.99609375,15.182926829268293,334127,623
fig044.png,Sub4,seg,1290,1319.99609375,15.496515679442508,334207,635
fig045.png,Sub4,seg,1320,1349.99609375,4.390243902439025,339044,210
fig045.png,Sub4,seg,1320,1349.99609375,11.289198606271777,340810,474
fig045.png,Sub4,seg,1320,1349.99609375,19.416376306620208,342891,785
fig046.png,Sub4,seg,1350,1379.99609375,4.285714285714286,346697,206
fig046.png,Sub4,seg,1350,1379.99609375,4.80836236933798,346831,226
fig046.png,Sub4,seg,1350,1379.99609375,5.905923344947735,347112,268
fig046.png,Sub4,seg,1350,1379.99609375,6.689895470383275,347313,298
fig046.png,Sub4,seg,1350,1379.99609375,7.369337979094077,347487,324
fig046.png,Sub4,seg,1350,1379.99609375,7.813588850174217,347600,341
fig046.png,Sub4,seg,1350,1379.99609375,8.38850174216028,347747,363
fig046.png,Sub4,seg,1350,1379.99609375,9.303135888501743,347982,398
fig046.png,Sub4,seg,1350,1379.99609375,10.087108013937282,348182,428
fig046.png,Sub4,seg,1350,1379.99609375,11.054006968641115,348430,465
fig046.png,Sub4,seg,1350,1379.99609375,11.91637630662021,348651,498
fig046.png,Sub4,seg,1350,1379.99609375,12.491289198606273,348798,520
fig046.png,Sub4,seg,1350,1379.99609375,14.55574912891986,349326,599
fig046.png,Sub4,seg,1350,1379.99609375,6.245644599303136,347199,281
fig046.png,Sub4,seg,1350,1379.99609375,14.973867595818815,349433,615
fig046.png,Sub4,seg,1350,1379.99609375,15.496515679442508,349567,635
fig046.png,Sub4,seg,1350,1379.99609375,18.39721254355401,350310,746
fig046.png,Sub4,seg,1350,1379.99609375,18.841463414634145,350423,763
fig046.png,Sub4,seg,1350,1379.99609375,19.965156794425088,350711,806
fig047.png,Sub4,seg,1380,1409.99609375,19.834494773519165,358358,801
fig047.png,Sub4,seg,1380,1409.99609375,20.43554006968641,358511,824
fig047.png,Sub4,seg,1380,1409.99609375,21.010452961672474,358659,846
fig047.png,Sub4,seg,1380,1409.99609375,21.402439024390244,358759,861
fig047.png,Sub4,seg,1380,1409.99609375,21.925087108013937,358893,881
fig047.png,Sub4,seg,1380,1409.99609375,23.362369337979093,359261,936
fig047.png,Sub4,seg,1380,1409.99609375,23.963414634146343,359415,959
fig048.png,Sub4,seg,1410,1439.99609375,25.139372822299652,367396,1004
fig048.png,Sub4,seg,1410,1439.99609375,25.68815331010453,367536,1025
fig050.png,Sub4,seg,1470,1499.99609375,26.054006968641115,382990,1039
fig050.png,Sub4,seg,1470,1499.99609375,26.837979094076655,383191,1069
fig050.png,Sub4,seg,1470,1499.99609375,27.412891986062718,383338,1091
fig050.png,Sub4,seg,1470,1499.99609375,27.857142857142858,383451,1108
fig050.png,Sub4,seg,1470,1499.99609375,28.641114982578397,383652,1138
fig050.png,Sub4,seg,1470,1499.99609375,29.189895470383277,383793,1159
fig050.png,Sub4,seg,1470,1499.99609375,1.4372822299651569,376688,97
fig051.png,Sub4,seg,1500,1529.99609375,0.627177700348432,384161,66
fig051.png,Sub4,seg,1500,1529.99609375,1.17595818815331,384301,87
fig051.png,Sub4,seg,1500,1529.99609375,4.050522648083624,385037,197
fig051.png,Sub4,seg,1500,1529.99609375,21.61149825783972,389533,869
fig052.png,Sub4,seg,1530,1559.99609375,4.102787456445993,392730,199
fig052.png,Sub4,seg,1530,1559.99609375,4.442508710801394,392817,212
fig052.png,Sub4,seg,1530,1559.99609375,6.428571428571429,393326,288
fig052.png,Sub4,seg,1530,1559.99609375,10.270034843205575,394309,435
fig052.png,Sub4,seg,1530,1559.99609375,12.25609756097561,394818,511
fig052.png,Sub4,seg,1530,1559.99609375,13.066202090592334,395025,542
fig052.png,Sub4,seg,1530,1559.99609375,14.320557491289199,395346,590
fig052.png,Sub4,seg,1530,1559.99609375,13.928571428571429,395246,575
fig052.png,Sub4,seg,1530,1559.99609375,5.2787456445993035,393031,244
fig052.png,Sub4,seg,1530,1559.99609375,7.10801393728223,393500,314
fig052.png,Sub4,seg,1530,1559.99609375,27.308362369337978,398671,1087
fig053.png,Sub4,seg,1560,1589.99609375,9.12020905923345,401695,391
fig053.png,Sub4,seg,1560,1589.99609375,9.930313588850174,401902,422
fig053.png,Sub4,seg,1560,1589.99609375,10.531358885017422,402056,445
fig053.png,Sub4,seg,1560,1589.99609375,11.890243902439025,402404,497
fig053.png,Sub4,seg,1560,1589.99609375,12.282229965156795,402504,512
fig053.png,Sub4,seg,1560,1589.99609375,12.64808362369338,402598,526
fig053.png,Sub4,seg,1560,1589.99609375,12.726480836236934,402618,529
fig053.png,Sub4,seg,1560,1589.99609375,17.221254355400696,403769,701
fig053.png,Sub4,seg,1560,1589.99609375,17.743902439024392,403902,721
fig053.png,Sub4,seg,1560,1589.99609375,19.494773519163765,404351,788
fig053.png,Sub4,seg,1560,1589.99609375,19.912891986062718,404458,804
fig053.png,Sub4,seg,1560,1589.99609375,20.670731707317074,404652,833
fig053.png,Sub4,seg,1560,1589.99609375,22.865853658536587,405214,917
fig053.png,Sub4,seg,1560,1589.99609375,23.62369337979094,405408,946
fig053.png,Sub4,seg,1560,1589.99609375,24.590592334494772,405655,983
fig053.png,Sub4,seg,1560,1589.99609375,24.982578397212546,405756,998
fig053.png,Sub4,seg,1560,1589.99609375,25.557491289198605,405903,1020
fig053.png,Sub4,seg,1560,1589.99609375,25.949477351916375,406003,1035
fig053.png,Sub4,seg,1560,1589.99609375,26.681184668989548,406190,1063
fig053.png,Sub4,seg,1560,1589.99609375,27.360627177700348,406364,1089
fig054.png,Sub4,seg,1590,1619.99609375,0.9146341463414634,407274,77
fig054.png,Sub4,seg,1590,1619.99609375,1.5156794425087108,407428,100
fig054.png,Sub4,seg,1590,1619.99609375,2.4303135888501743,407662,135
fig054.png,Sub4,seg,1590,1619.99609375,3.2142857142857144,407863,165
fig054.png,Sub4,seg,1590,1619.99609375,5.435540069686411,408431,250
fig054.png,Sub4,seg,1590,1619.99609375,6.036585365853659,408585,273
fig054.png,Sub4,seg,1590,1619.99609375,6.637630662020906,408739,296
fig054.png,Sub4,seg,1590,1619.99609375,8.28397212543554,409161,359
fig054.png,Sub4,seg,1590,1619.99609375,8.702090592334494,409268,375
fig054.png,Sub4,seg,1590,1619.99609375,9.40766550522648,409448,402
fig054.png,Sub4,seg,1590,1619.99609375,20.304878048780488,412238,819
fig054.png,Sub4,seg,1590,1619.99609375,21.66376306620209,412586,871
fig054.png,Sub4,seg,1590,1619.99609375,22.134146341463413,412706,889
fig054.png,Sub4,seg,1590,1619.99609375,23.101045296167246,412954,926
fig054.png,Sub4,seg,1590,1619.99609375,23.545296167247386,413068,943
fig054.png,Sub4,seg,1590,1619.99609375,24.303135888501743,413262,972
fig054.png,Sub4,seg,1590,1619.99609375,24.695121951219512,413362,987
fig054.png,Sub4,seg,1590,1619.99609375,25.165505226480835,413482,1005
fig054.png,Sub4,seg,1590,1619.99609375,25.479094076655052,413563,1017
fig054.png,Sub4,seg,1590,1619.99609375,26.0801393728223,413717,1040
fig055.png,Sub4,seg,1620,1649.99609375,0.8101045296167247,414927,73
fig055.png,Sub4,seg,1620,1649.99609375,1.1498257839721255,415014,86
fig055.png,Sub4,seg,1620,1649.99609375,2.064459930313589,415249,121
fig055.png,Sub4,seg,1620,1649.99609375,2.8745644599303137,415456,152
fig055.png,Sub4,seg,1620,1649.99609375,7.134146341463414,416546,315
fig055.png,Sub4,seg,1620,1649.99609375,8.179442508710801,416814,355
fig055.png,Sub4,seg,1620,1649.99609375,9.61672473867596,417182,410
fig055.png,Sub4,seg,1620,1649.99609375,11.576655052264808,417684,485
fig055.png,Sub4,seg,1620,1649.99609375,13.876306620209059,418272,573
fig055.png,Sub4,seg,1620,1649.99609375,15.313588850174217,418640,628
fig055.png,Sub4,seg,1620,1649.99609375,18.083623693379792,419349,734
fig055.png,Sub4,seg,1620,1649.99609375,18.86759581881533,419550,764
fig055.png,Sub4,seg,1620,1649.99609375,19.99128919860627,419838,807
fig055.png,Sub4,seg,1620,1649.99609375,21.402439024390244,420199,861
fig055.png,Sub4,seg,1620,1649.99609375,22.134146341463413,420386,889
fig055.png,Sub4,seg,1620,1649.99609375,22.970383275261323,420600,921
fig005.png,Sub5,seg,120,149.99609375,24.590592334494772,37015,983
fig006.png,Sub5,seg,150,179.99609375,2.7439024390243905,39102,147
fig008.png,Sub5,seg,210,239.99609375,19.965156794425088,58871,806
fig010.png,Sub5,seg,270,299.99609375,12.935540069686411,72431,537
fig010.png,Sub5,seg,270,299.99609375,8.310104529616725,71247,360
fig012.png,Sub5,seg,330,359.99609375,1.2804878048780488,84808,91
fig012.png,Sub5,seg,330,359.99609375,0.9668989547038328,84728,79
fig012.png,Sub5,seg,330,359.99609375,4.285714285714286,85577,206
fig012.png,Sub5,seg,330,359.99609375,29.137630662020907,91939,1157
fig013.png,Sub5,seg,360,389.99609375,0.5749128919860628,92307,64
fig013.png,Sub5,seg,360,389.99609375,24.381533101045296,98402,975
fig013.png,Sub5,seg,360,389.99609375,24.878048780487806,98529,994
fig013.png,Sub5,seg,360,389.99609375,26.001742160278745,98816,1037
fig013.png,Sub5,seg,360,389.99609375,26.576655052264808,98964,1059
fig013.png,Sub5,seg,360,389.99609375,28.066202090592334,99345,1116
fig013.png,Sub5,seg,360,389.99609375,28.71951219512195,99512,1141
fig013.png,Sub5,seg,360,389.99609375,29.790940766550523,99786,1182
fig014.png,Sub5,seg,390,419.99609375,0.8885017421602788,100067,76
fig014.png,Sub5,seg,390,419.99609375,3.5801393728222997,100757,179
fig014.png,Sub5,seg,390,419.99609375,4.547038327526132,101004,216
fig014.png,Sub5,seg,390,419.99609375,4.80836236933798,101071,226
fig014.png,Sub5,seg,390,419.99609375,6.219512195121951,101432,280
fig014.png,Sub5,seg,390,419.99609375,8.179442508710801,101934,355
fig014.png,Sub5,seg,390,419.99609375,9.773519163763066,102342,416
fig014.png,Sub5,seg,390,419.99609375,14.503484320557492,103553,597
fig014.png,Sub5,seg,390,419.99609375,6.951219512195122,101620,308
fig014.png,Sub5,seg,390,419.99609375,3.2926829268292686,100683,168
fig015.png,Sub5,seg,420,449.99609375,14.425087108013937,111213,594
fig017.png,Sub5,seg,480,509.99609375,22.05574912891986,128526,886
fig017.png,Sub5,seg,480,509.99609375,28.902439024390244,130279,1148
fig017.png,Sub5,seg,480,509.99609375,29.634146341463413,130466,1176
fig018.png,Sub5,seg,510,539.99609375,2.0905923344947737,131095,122
fig018.png,Sub5,seg,510,539.99609375,1.7247386759581882,131002,108
fig018.png,Sub5,seg,510,539.99609375,3.005226480836237,131329,157
fig018.png,Sub5,seg,510,539.99609375,21.088850174216027,135959,849
fig018.png,Sub5,seg,510,539.99609375,22.578397212543553,136340,906
fig020.png,Sub5,seg,570,599.99609375,28.902439024390244,153319,1148
fig021.png,Sub5,seg,600,629.99609375,1.019163763066202,153861,81
fig021.png,Sub5,seg,600,629.99609375,7.5,155520,329
fig021.png,Sub5,seg,600,629.99609375,8.649825783972126,155814,373
fig021.png,Sub5,seg,600,629.99609375,9.538327526132404,156042,407
fig021.png,Sub5,seg,600,629.99609375,12.334494773519165,156758,514
fig021.png,Sub5,seg,600,629.99609375,15.287456445993032,157514,627
fig022.png,Sub5,seg,630,659.99609375,5.121951219512195,162591,238
fig022.png,Sub5,seg,630,659.99609375,17.50871080139373,165762,712
fig023.png,Sub5,seg,660,689.99609375,10.426829268292684,171629,441
fig023.png,Sub5,seg,660,689.99609375,13.066202090592334,172305,542
fig024.png,Sub5,seg,690,719.99609375,6.925087108013938,178413,307
fig024.png,Sub5,seg,690,719.99609375,10.29616724738676,179276,436
fig024.png,Sub5,seg,690,719.99609375,13.980836236933799,180219,577
fig024.png,Sub5,seg,690,719.99609375,16.72473867595819,180922,682
fig024.png,Sub5,seg,690,719.99609375,17.665505226480835,181162,718
fig024.png,Sub5,seg,690,719.99609375,26.36759581881533,183390,1051
fig024.png,Sub5,seg,690,719.99609375,28.301393728222997,183885,1125
fig025.png,Sub5,seg,720,749.99609375,21.010452961672474,189699,846
fig025.png,Sub5,seg,720,749.99609375,22.134146341463413,189986,889
fig025.png,Sub5,seg,720,749.99609375,25.191637630662022,190769,1006
fig025.png,Sub5,seg,720,749.99609375,26.001742160278745,190976,1037
fig025.png,Sub5,seg,720,749.99609375,26.65505226480836,191144,1062
fig025.png,Sub5,seg,720,749.99609375,28.222996515679444,191545,1122
fig026.png,Sub5,seg,750,779.99609375,1.7247386759581882,192442,108
fig026.png,Sub5,seg,750,779.99609375,5.357142857142858,193371,247
fig026.png,Sub5,seg,750,779.99609375,5.644599303135888,193445,258
fig026.png,Sub5,seg,750,779.99609375,8.28397212543554,194121,359
fig026.png,Sub5,seg,750,779.99609375,8.989547038327526,194301,386
fig026.png,Sub5,seg,750,779.99609375,10.949477351916377,194803,461
fig026.png,Sub5,seg,750,779.99609375,14.398954703832754,195686,593
fig026.png,Sub5,seg,750,779.99609375,15.104529616724738,195867,620
fig026.png,Sub5,seg,750,779.99609375,15.914634146341463,196074,651
fig026.png,Sub5,seg,750,779.99609375,22.578397212543553,197780,906
fig026.png,Sub5,seg,750,779.99609375,23.101045296167246,197914,926
fig026.png,Sub5,seg,750,779.99609375,24.538327526132406,198282,981
fig026.png,Sub5,seg,750,779.99609375,19.965156794425088,197111,806
fig027.png,Sub5,seg,780,809.99609375,10.818815331010454,202450,456
fig027.png,Sub5,seg,780,809.99609375,8.858885017421603,201948,381
fig027.png,Sub5,seg,780,809.99609375,13.954703832752614,203252,576
fig027.png,Sub5,seg,780,809.99609375,15.104529616724738,203547,620
fig027.png,Sub5,seg,780,809.99609375,18.5801393728223,204437,753
fig027.png,Sub5,seg,780,809.99609375,20.77526132404181,204998,837
fig027.png,Sub5,seg,780,809.99609375,21.559233449477354,205199,867
fig027.png,Sub5,seg,780,809.99609375,22.421602787456447,205420,900
fig028.png,Sub5,seg,810,839.99609375,12.517421602787456,210564,521
fig028.png,Sub5,seg,810,839.99609375,15.209059233449478,211254,624
fig028.png,Sub5,seg,810,839.99609375,16.62020905923345,211615,678
fig028.png,Sub5,seg,810,839.99609375,28.249128919860627,214592,1123
fig028.png,Sub5,seg,810,839.99609375,28.614982578397214,214685,1137
fig028.png,Sub5,seg,810,839.99609375,29.26829268292683,214853,1162
fig028.png,Sub5,seg,810,839.99609375,30,215040,1190
fig029.png,Sub5,seg,840,869.99609375,1.2282229965156795,215354,89
fig029.png,Sub5,seg,840,869.99609375,4.36411149825784,216157,209
fig029.png,Sub5,seg,840,869.99609375,6.977351916376307,216826,309
fig029.png,Sub5,seg,840,869.99609375,7.630662020905923,216993,334
fig029.png,Sub5,seg,840,869.99609375,7.081881533101045,216853,313
fig029.png,Sub5,seg,840,869.99609375,9.433797909407666,217455,403
fig029.png,Sub5,seg,840,869.99609375,10.034843205574912,217609,426
fig029.png,Sub5,seg,840,869.99609375,14.764808362369338,218820,607
fig029.png,Sub5,seg,840,869.99609375,13.902439024390244,218599,574
fig029.png,Sub5,seg,840,869.99609375,15.365853658536585,218974,630
fig029.png,Sub5,seg,840,869.99609375,17.16898954703833,219435,699
fig029.png,Sub5,seg,840,869.99609375,17.717770034843205,219576,720
fig029.png,Sub5,seg,840,869.99609375,22.081881533101047,220693,887
fig030.png,Sub5,seg,870,899.99609375,21.480836236933797,228219,864
fig030.png,Sub5,seg,870,899.99609375,22.55226480836237,228493,905
fig030.png,Sub5,seg,870,899.99609375,24.381533101045296,228962,975
fig030.png,Sub5,seg,870,899.99609375,26.445993031358885,229490,1054
fig030.png,Sub5,seg,870,899.99609375,28.09233449477352,229912,1117
fig031.png,Sub5,seg,900,929.99609375,0.13066202090592335,230433,47
fig031.png,Sub5,seg,900,929.99609375,1.1236933797909407,230688,85
fig031.png,Sub5,seg,900,929.99609375,23.62369337979094,236448,946
fig031.png,Sub5,seg,900,929.99609375,24.66898954703833,236715,986
fig031.png,Sub5,seg,900,929.99609375,25.583623693379792,236949,1021
fig031.png,Sub5,seg,900,929.99609375,26.890243902439025,237284,1071
fig032.png,Sub5,seg,930,959.99609375,5.200348432055749,239411,241
fig032.png,Sub5,seg,930,959.99609375,17.979094076655052,242683,730
fig032.png,Sub5,seg,930,959.99609375,18.34494773519164,242776,744
fig032.png,Sub5,seg,930,959.99609375,18.893728222996515,242917,765
fig032.png,Sub5,seg,930,959.99609375,20.357142857142858,243291,821
fig032.png,Sub5,seg,930,959.99609375,20.905923344947734,243432,842
fig032.png,Sub5,seg,930,959.99609375,21.454703832752614,243572,863
fig032.png,Sub5,seg,930,959.99609375,22.21254355400697,243766,892
fig032.png,Sub5,seg,930,959.99609375,29.921602787456447,245740,1187
fig032.png,Sub5,seg,930,959.99609375,23.754355400696866,244161,951
fig033.png,Sub5,seg,960,989.99609375,7.552264808362369,247693,331
fig033.png,Sub5,seg,960,989.99609375,8.597560975609756,247961,371
fig033.png,Sub5,seg,960,989.99609375,8.153310104529616,247847,354
fig033.png,Sub5,seg,960,989.99609375,9.668989547038327,248235,412
fig033.png,Sub5,seg,960,989.99609375,17.142857142857142,250149,698
fig033.png,Sub5,seg,960,989.99609375,27.804878048780488,252878,1106
fig033.png,Sub5,seg,960,989.99609375,29.921602787456447,253420,1187
fig033.png,Sub5,seg,960,989.99609375,27.282229965156795,252744,1086
fig034.png,Sub5,seg,990,1019.99609375,2.9790940766550524,254203,156
fig034.png,Sub5,seg,990,1019.99609375,4.965156794425087,254711,232
fig034.png,Sub5,seg,990,1019.99609375,5.331010452961673,254805,246
fig034.png,Sub5,seg,990,1019.99609375,8.623693379790941,255648,372
fig034.png,Sub5,seg,990,1019.99609375,10.24390243902439,256062,434
fig034.png,Sub5,seg,990,1019.99609375,12.177700348432056,256557,508
fig037.png,Sub5,seg,1080,1109.99609375,21.689895470383277,282033,872
fig038.png,Sub5,seg,1110,1139.99609375,28.588850174216027,291479,1136
fig038.png,Sub5,seg,1110,1139.99609375,28.954703832752614,291572,1150
fig039.png,Sub5,seg,1140,1169.99609375,7.813588850174217,293840,341
fig039.png,Sub5,seg,1140,1169.99609375,8.72822299651568,294074,376
fig041.png,Sub5,seg,1200,1229.99609375,6.533101045296167,308872,292
fig044.png,Sub5,seg,1290,1319.99609375,29.398954703832754,337766,1167
fig046.png,Sub5,seg,1350,1379.99609375,14.033101045296167,349192,579
fig060.png,Sub5,seg,1770,1799.99609375,4.939024390243903,454384,231
